# Blender 4.5.1 LTS
# www.blender.org
mtllib Nomal_blue_1114.mtl
o handle-01.lo
v 0.000000 -0.000016 -41.000000
v -0.008457 4.999985 -35.999168
v -4.018703 -0.000016 -40.802574
v -7.031384 4.999985 -35.305805
v -7.998703 -0.000016 -40.212196
v -13.784100 4.999988 -33.255657
v -20.007097 4.999988 -29.927513
v -11.901671 -0.000015 -39.234554
v -15.690022 -0.000015 -37.879059
v -25.461235 4.999990 -25.449276
v -19.327267 -0.000015 -36.158772
v -29.936911 4.999994 -19.993032
v -22.778379 -0.000015 -34.090252
v -33.262131 4.999995 -13.768473
v -26.010126 -0.000011 -31.693428
v -35.309105 4.999999 -7.014796
v -28.991377 -0.000011 -28.991377
v -35.999168 5.000000 0.008456
v -31.693428 -0.000010 -26.010126
v -35.305805 5.000001 7.031382
v -34.090252 -0.000010 -22.778379
v -33.255657 5.000005 13.784099
v -29.927513 5.000006 20.007097
v -36.158772 -0.000006 -19.327267
v -37.879059 -0.000006 -15.690022
v -25.449276 5.000010 25.461235
v -39.234554 -0.000005 -11.901671
v -19.993032 5.000012 29.936911
v -40.212196 -0.000004 -7.998703
v -13.768472 5.000012 33.262131
v -40.802574 -0.000001 -4.018703
v -7.014794 5.000015 35.309105
v 0.008457 5.000015 35.999168
v -41.000000 0.000000 0.000000
v -40.802574 0.000001 4.018703
v 7.031384 5.000015 35.305805
v -40.212196 0.000004 7.998703
v 13.784100 5.000012 33.255657
v -39.234554 0.000005 11.901671
v 20.007097 5.000012 29.927513
v -37.879059 0.000006 15.690022
v 25.461235 5.000010 25.449276
v 41.000000 26.242937 -0.000010
v -36.158772 0.000006 19.327267
v 41.294121 25.204262 -0.000010
v 29.936911 5.000006 19.993032
v -34.090252 0.000010 22.778379
v 42.134640 24.433609 -0.000010
v 43.467819 23.711756 -0.000010
v 33.262131 5.000005 13.768471
v 41.196781 25.165300 2.460053
v 35.309105 5.000001 7.014791
v 41.981213 24.400763 2.510912
v -31.693428 0.000010 26.010126
v 43.381371 23.616131 2.626128
v 35.999168 5.000000 -0.008459
v 41.670216 24.261702 4.781767
v -28.991377 0.000011 28.991377
v 43.290562 23.352850 4.857227
v 35.305801 4.999999 -7.031385
v 45.663013 22.277838 4.901534
v -26.010126 0.000011 31.693428
v 33.255657 4.999995 -13.784101
v 45.596199 22.593269 2.770638
v -22.778379 0.000015 34.090252
v 45.542763 22.766397 -0.000010
v -19.327267 0.000015 36.158772
v 48.205338 21.756977 2.846380
v 48.162334 21.916052 -0.000010
v 29.927513 4.999994 -20.007097
v 25.449276 4.999990 -25.461235
v -15.690022 0.000015 37.879059
v 19.993032 4.999988 -29.936911
v -11.901671 0.000015 39.234554
v 13.768472 4.999988 -33.262131
v 40.802574 11.098254 4.018698
v 41.117203 11.573112 2.253740
v -7.998703 0.000016 40.212196
v -4.018703 0.000016 40.802574
v 40.920284 11.915820 4.496618
v 7.014794 4.999985 -35.309105
v 40.658398 12.890690 6.546945
v 40.362453 12.214828 6.985754
v -3.520124 4.999985 -35.740395
v 0.000000 0.000016 41.000000
v 40.422550 14.829390 7.899892
v 40.062286 14.487819 8.597173
v -10.425091 4.999987 -34.366909
v 4.018703 0.000016 40.802574
v 40.340263 17.224049 8.297887
v -16.929426 4.999988 -31.672724
v 7.998703 0.000016 40.212196
v -22.783175 4.999990 -27.761375
v 11.901671 0.000015 39.234554
v -27.761375 4.999990 -22.783169
v 15.690022 0.000015 37.879059
v 40.019005 22.594797 8.769952
v -31.596287 4.999994 -16.888563
v 40.340309 19.784100 8.308156
v 40.404339 22.320871 8.030011
v 19.327267 0.000015 36.158772
v -34.366909 4.999995 -10.425087
v 40.702560 24.207096 6.697972
v 22.778379 0.000015 34.090252
v 40.326962 24.971365 7.225002
v 40.939926 25.048517 4.795669
v 26.010126 0.000011 31.693428
v -35.740395 5.000000 -3.520120
v 40.802574 25.963676 4.018693
v 28.991377 0.000011 28.991377
v -35.740395 5.000000 3.520122
v -34.366909 5.000005 10.425089
v 31.693428 0.000010 26.010126
v 41.389500 23.621107 6.438925
v 41.144451 22.031185 7.483006
v -31.672724 5.000006 16.929426
v 42.684704 21.554476 7.286986
v 34.090252 0.000010 22.778379
v 43.086609 22.755695 6.353468
v -27.761375 5.000010 22.783175
v 45.305168 20.384361 7.298193
v 36.158772 0.000006 19.327267
v -22.783169 5.000010 27.761375
v 45.582027 21.610538 6.399062
v 48.132576 19.423389 7.342675
v 37.879059 0.000006 15.690022
v 48.253193 20.742365 6.462765
v -16.888563 5.000012 31.596287
v 48.268906 21.458632 4.945249
v 39.234554 0.000005 11.901671
v 40.212196 0.000004 7.998703
v 50.904869 20.322823 6.504754
v 50.847313 21.056623 5.005999
v -10.425085 5.000013 34.366909
v 50.782257 21.349874 2.895348
v 40.802574 0.000001 4.018703
v 53.353931 21.105761 5.057300
v -3.520119 5.000015 35.740395
v 53.270180 21.389126 2.930712
v 3.520124 5.000015 35.740395
v 53.220837 21.529461 -0.000010
v 41.000000 0.000000 0.000000
v 50.748020 21.494158 -0.000010
v 40.802574 -0.000001 -4.018703
v 41.194115 11.490411 -0.000005
v 10.425091 5.000013 34.366909
v 16.929426 5.000012 31.672724
v 41.000000 10.632070 -0.000005
v 40.212196 -0.000004 -7.998703
v 41.664871 12.120184 -0.000005
v 41.597252 12.230762 2.211937
v 22.783175 5.000010 27.761375
v 42.378208 12.532071 -0.000005
v 39.234554 -0.000005 -11.901671
v 27.761375 5.000010 22.783169
v 59.798031 24.322302 -0.000010
v 61.618057 25.993298 -0.000010
v 37.879059 -0.000006 -15.690022
v 63.236053 27.934240 -0.000011
v 31.596287 5.000006 16.888563
v 36.158772 -0.000006 -19.327267
v 64.665222 30.089825 -0.000011
v 61.719086 25.882029 2.860299
v 34.366909 5.000005 10.425084
v 63.348396 27.831951 2.839519
v 34.090252 -0.000010 -22.778379
v 64.786293 30.003794 2.813063
v 35.654133 5.000000 3.511621
v 63.544228 27.636158 4.960513
v 31.693428 -0.000010 -26.010126
v 65.003510 29.832041 4.942007
v 35.654133 5.000000 -3.511631
v 28.991377 -0.000011 -28.991377
v 66.278954 32.199799 4.911972
v 34.366909 4.999995 -10.425092
v 66.044838 32.345097 2.783384
v 26.010126 -0.000011 -31.693428
v 65.919975 32.414120 -0.000011
v 67.137306 34.818459 2.738589
v 31.672724 4.999994 -16.929426
v 67.011368 34.872395 -0.000015
v 22.778379 -0.000015 -34.090252
v 19.327267 -0.000015 -36.158772
v 51.208523 11.007483 -0.000005
v 47.552582 11.456617 -0.000005
v 27.761375 4.999990 -22.783175
v 44.453037 12.256357 -0.000005
v 22.783169 4.999990 -27.761375
v 47.498463 11.602475 2.607967
v 15.690022 -0.000015 -37.879059
v 16.888563 4.999988 -31.596287
v 44.370991 12.388675 2.384235
v 42.356823 12.659091 2.224073
v 11.901671 -0.000015 -39.234554
v 7.998703 -0.000016 -40.212196
v 44.222595 12.710074 4.554499
v 42.182571 12.998624 4.374701
v 10.425085 4.999987 -34.366909
v 4.018703 -0.000016 -40.802574
v 41.394279 12.555171 4.392954
v 3.520119 4.999985 -35.740395
v 42.016342 13.757551 6.106675
v 41.165726 13.404986 6.265339
v 28.991377 7.499988 -28.991379
v 31.693428 7.499990 -26.010128
v 42.006561 15.228098 7.159080
v 40.988125 15.095999 7.432809
v 34.090252 7.499990 -22.778381
v 42.148758 17.181509 7.500720
v 36.158772 7.499994 -19.327269
v 40.996178 17.247063 7.736677
v 37.879059 7.499995 -15.690025
v 42.324562 19.576986 7.501878
v 39.234554 7.499995 -11.901675
v 41.037663 19.758799 7.719677
v 40.212196 7.499999 -7.998705
v 40.802574 7.500000 -4.018704
v 44.653721 16.560083 7.498294
v 44.954884 18.672220 7.497862
v 41.000000 7.500000 -0.000004
v 47.749294 15.527252 7.497403
v 40.802574 7.500000 4.018702
v 40.212196 7.500001 7.998702
v 47.956223 17.609354 7.498516
v 39.234554 7.500005 11.901670
v 51.020851 14.943347 7.497081
v 50.985050 17.060011 7.498722
v 37.879059 7.500005 15.690018
v 36.158772 7.500006 19.327265
v 50.943039 18.952269 7.370736
v 34.090252 7.500010 22.778378
v 54.042160 17.093142 7.499802
v 53.725540 19.018339 7.381106
v 31.693428 7.500010 26.010124
v 53.494820 20.383278 6.523063
v 28.991377 7.500012 28.991375
v 56.417332 19.606564 7.384651
v 26.010126 7.500012 31.693426
v 55.984074 20.919996 6.535550
v 22.778379 7.500013 34.090252
v 55.746475 21.625498 5.063465
v 19.327267 7.500015 36.158772
v 15.690022 7.500015 37.879059
v 58.319477 21.920183 6.536046
v 57.981983 22.592400 5.028953
v 11.901671 7.500015 39.234554
v 57.857792 22.853859 2.911837
v 7.998703 7.500016 40.212196
v 55.641548 21.899960 2.918082
v 4.018703 7.500016 40.802574
v 57.785564 22.975660 -0.000010
v 0.000000 7.500016 41.000000
v 55.564381 22.026356 -0.000010
v -4.018703 7.500016 40.802574
v -7.998703 7.500016 40.212196
v 59.887321 24.203493 2.886496
v -11.901671 7.500015 39.234554
v 60.037083 23.955982 5.010039
v -15.690022 7.500015 37.879059
v 61.892311 25.659035 4.984910
v -19.327267 7.500015 36.158772
v 60.469837 23.329317 6.540675
v -22.778379 7.500013 34.090252
v 62.398655 25.103441 6.524316
v -26.010126 7.500012 31.693426
v 64.102539 27.157570 6.501449
v -28.991377 7.500012 28.991375
v 63.345291 24.106058 7.378429
v -31.693428 7.500010 26.010124
v 65.142456 26.302286 7.363110
v -34.090252 7.500010 22.778378
v 66.707954 28.694515 7.352146
v -36.158772 7.500006 19.327265
v 65.599846 29.424105 6.483755
v -37.879059 7.500005 15.690018
v 68.034492 31.249846 7.334200
v -39.234554 7.500005 11.901670
v 66.894844 31.859169 6.457494
v 69.157356 33.921940 7.311552
v -40.212196 7.500001 7.998702
v -40.802574 7.500000 4.018702
v 68.004784 34.421944 6.424384
v 67.386444 34.697197 4.885968
v -41.000000 7.500000 -0.000004
v 68.942207 37.079224 6.388599
v -40.802574 7.500000 -4.018704
v 68.327660 37.295143 4.856470
v -40.212196 7.499999 -7.998705
v 68.067986 37.391159 2.701989
v -39.234554 7.499995 -11.901675
v 69.096611 39.970856 4.831509
v -37.879059 7.499995 -15.690025
v 68.829094 40.044319 2.676723
v -36.158772 7.499994 -19.327269
v 68.701790 40.073830 -0.000016
v -34.090252 7.499990 -22.778381
v -31.693428 7.499990 -26.010128
v 67.942139 37.434448 -0.000015
v -28.991377 7.499988 -28.991379
v 62.641293 13.732988 -0.000005
v 58.976601 12.088899 -0.000005
v -26.010126 7.499988 -31.693430
v 55.089352 11.179149 -0.000005
v -22.778379 7.499987 -34.090252
v 58.915882 12.222797 2.738134
v -19.327267 7.499985 -36.158772
v 55.045242 11.319987 2.731098
v -15.690022 7.499985 -37.879059
v 51.177372 11.152911 2.711811
v -11.901671 7.499985 -39.234554
v 54.980286 11.572971 4.840187
v -7.998703 7.499984 -40.212196
v 51.125813 11.412300 4.806734
v -4.018703 7.499984 -40.802574
v 47.430119 11.874949 4.745499
v 0.000000 7.499984 -41.000000
v 51.079849 12.024366 6.319052
v 4.018703 7.499984 -40.802574
v 35.537392 7.499994 -20.363977
v 47.434284 12.510874 6.324917
v 44.203987 13.390551 6.306862
v 35.566933 87.523033 20.314655
v 35.566940 0.000009 20.314678
v 47.553886 13.743551 7.268499
v 35.537392 95.000000 -20.364016
v 44.391228 14.680937 7.284055
v 51.034149 13.216932 7.249473
v 35.566940 95.000000 20.314640
v 54.864536 12.164557 6.316143
v 35.537395 -0.000009 -20.363972
v -35.309105 97.000000 -7.014832
v 54.664955 13.297778 7.232491
v 54.390923 14.956416 7.498174
v -34.366909 97.000000 -10.425124
v 58.261852 14.106009 7.225394
v -33.262131 97.000000 -13.768511
v -27.761375 97.000000 -22.783207
v 57.724148 15.671122 7.497555
v -29.936911 97.000000 -19.993071
v 57.038467 17.711996 7.499087
v -31.596287 97.000000 -16.888601
v 60.856831 17.047649 7.498166
v 59.857258 18.928616 7.499584
v -16.929426 96.999992 -31.672762
v 58.963329 20.664793 7.393383
v -20.007097 96.999992 -29.927551
v -7.031384 96.999992 -35.305843
v 62.409977 20.650318 7.498804
v -10.425091 96.999992 -34.366947
v 61.290157 22.190632 7.392071
v 64.641647 22.764177 7.498819
v -13.784100 96.999992 -33.255695
v -22.783175 96.999992 -27.761414
v 63.649845 18.993155 7.498394
v -25.461235 96.999992 -25.449314
v 66.077637 21.327862 7.498679
v 68.138077 23.927999 7.496444
v -34.366909 97.000000 10.425051
v 66.577278 25.144102 7.499708
v -35.305805 97.000000 7.031346
v 69.849373 26.715437 7.496931
v -27.761375 97.000000 22.783136
v -29.927513 97.000000 20.007059
v 68.209641 27.726128 7.498779
v 71.272522 29.616423 7.496949
v -33.255657 97.000000 13.784060
v 69.577629 30.450165 7.498584
v -31.672724 97.000000 16.929388
v 72.440659 32.595116 7.495393
v -25.449276 97.000008 25.461197
v 70.721581 33.266731 7.498202
v -19.993032 97.000008 29.936872
v 73.366905 35.642361 7.494949
v -22.783169 97.000008 27.761337
v 71.670197 36.155014 7.496716
v -13.768472 97.000008 33.262093
v 70.101006 36.677662 7.286590
v -7.014794 97.000008 35.309067
v 72.407463 39.118092 7.497148
v -10.425085 97.000008 34.366871
v -16.888563 97.000008 31.596249
v 70.862839 39.504463 7.263757
v 69.711449 39.807571 6.362363
v 10.425091 97.000008 34.366871
v 7.031384 97.000008 35.305767
v 71.428261 42.386944 7.243506
v 20.007097 97.000008 29.927475
v 70.287994 42.594200 6.338930
v 16.929426 97.000008 31.672686
v 69.679100 42.705502 4.829144
v 70.656487 45.422764 6.313540
v 13.784100 97.000008 33.255619
v 25.461235 97.000008 25.449238
v 70.054970 45.483604 4.809823
v 69.778221 45.510159 2.615769
v 27.761375 97.000000 22.783131
v 29.936911 97.000000 19.992994
v 69.401077 42.756695 2.636587
v 69.648987 45.517643 -0.000016
v 31.596287 97.000000 16.888525
v 69.275185 42.774811 -0.000016
v 33.262131 97.000000 13.768434
v 35.309105 97.000000 7.014757
v 71.097275 21.632961 -0.000010
v 34.366909 97.000000 10.425046
v 68.733879 18.667826 -0.000006
v 65.917824 15.983220 -0.000006
v 22.783175 97.000008 27.761337
v 7.014794 96.999992 -35.309143
v 68.629501 18.766027 2.710238
v 10.425085 96.999992 -34.366947
v 65.826599 16.097179 2.735745
v 13.768472 96.999992 -33.262169
v 62.565132 13.857361 2.737482
v 22.783169 96.999992 -27.761414
v 65.684807 16.306011 4.772574
v 62.451706 14.084948 4.798765
v 19.993032 96.999992 -29.936949
v 58.827892 12.465653 4.831950
v 16.888563 96.999992 -31.596325
v 62.177040 14.605412 6.288792
v 27.761375 97.000000 -22.783213
v 58.632599 13.027559 6.305057
v 31.672724 97.000000 -16.929464
v 61.636814 15.605532 7.218678
v 29.927513 97.000000 -20.007135
v 65.338181 16.780504 6.280907
v 35.305801 97.000000 -7.031421
v 64.654907 17.692970 7.216947
v 34.366909 97.000000 -10.425130
v 68.050278 19.383064 6.284334
v 33.255657 97.000000 -13.784139
v 25.449276 96.999992 -25.461273
v 67.245575 20.192034 7.218372
v -35.740395 97.000000 3.520086
v 70.333679 22.271002 6.290141
v -35.999168 97.000000 0.008420
v 69.422646 22.961756 7.221667
v -35.740395 97.000000 -3.520156
v 72.218460 25.316454 6.288333
v -0.008457 96.999992 -35.999207
v 71.231224 25.900011 7.222679
v -3.520119 97.000008 35.740356
v 73.755241 28.460634 6.280921
v -3.520124 96.999992 -35.740433
v 72.724098 28.938330 7.215308
v 0.008457 97.000008 35.999130
v 74.984718 31.674639 6.277688
v 3.520119 96.999992 -35.740433
v 73.925812 32.054726 7.208117
v 75.939857 34.932228 6.286657
v 3.520124 97.000008 35.740356
v 35.654133 97.000000 -3.511666
v 74.853493 35.230515 7.212447
v 35.654133 97.000000 3.511585
v 76.660820 38.217525 6.297071
v 35.999168 97.000000 -0.008495
v 75.566856 38.433430 7.210571
v 0.000000 -0.000003 0.000000
v 74.083267 38.737953 7.495131
v -0.003381 5.000000 0.000001
v 76.088470 41.665314 7.202487
v 74.625862 41.866058 7.494462
v 0.000000 94.999992 -41.000038
v 72.950172 42.124622 7.498371
v -0.003386 96.999992 -38.997627
v 74.972313 45.023998 7.497077
v -0.000258 95.765358 -40.847610
v -0.000992 96.414207 -40.413548
v 73.290703 45.165581 7.495965
v -0.002091 96.847748 -39.763916
v 71.787086 45.308083 7.226419
v 73.432419 48.223263 7.498357
v -4.018703 94.999992 -40.802612
v -3.822433 96.999992 -38.809841
v 71.930214 48.251286 7.210690
v 70.805214 48.274059 6.283418
v -4.003763 95.765358 -40.650925
v -3.961217 96.414207 -40.218948
v 71.878281 51.196674 7.211112
v 70.753410 51.126507 6.282226
v -3.897543 96.847748 -39.572445
v -7.998703 94.999992 -40.212234
v 70.164696 51.086468 4.760987
v -7.611373 96.999992 -38.247639
v 70.215485 48.284168 4.764869
v -7.969219 95.765358 -40.062683
v 69.892876 51.064636 2.636900
v -7.885256 96.414207 -39.636810
v 69.942230 48.286690 2.635751
v -7.759597 96.847748 -38.999451
v 69.764336 51.049019 -0.000020
v 69.814171 48.282974 -0.000020
v -11.901671 94.999992 -39.234592
v -11.320403 96.999992 -37.318405
v 75.908600 31.326151 -0.000011
v 74.646622 28.026428 -0.000011
v -11.857424 95.765358 -39.088730
v 73.055550 24.780766 -0.000010
v -11.731421 96.414207 -38.673351
v 74.518318 28.077173 2.649499
v -11.542844 96.847748 -38.051697
v 72.934128 24.850288 2.673951
v -15.690022 94.999992 -37.879097
v 70.983162 21.716499 2.690433
v -14.926860 96.999992 -36.027813
v 72.718369 25.004507 4.788977
v -15.631927 95.765358 -37.738174
v -15.466496 96.414207 -37.336868
v 70.787621 21.893158 4.805077
v 68.458214 18.960732 4.794798
v -15.218908 96.847748 -36.736267
v 74.282745 28.203196 4.767556
v -19.327267 94.999992 -36.158810
v -18.383337 96.999992 -34.392841
v 75.777977 31.364790 2.630097
v -19.255413 95.765358 -36.024384
v 75.530991 31.466883 4.768698
v -19.050795 96.414207 -35.641567
v 76.768585 34.691540 2.612157
v -18.744564 96.847748 -35.068649
v 76.501282 34.770424 4.806529
v -22.778379 94.999992 -34.090290
v 77.512321 38.036964 2.605897
v -21.668715 96.999992 -32.423466
v 77.230644 38.098995 4.852134
v -22.693911 95.765358 -33.963409
v 78.042870 41.400166 2.603562
v -22.453367 96.414207 -33.602089
v 77.755989 41.441898 4.852764
v -22.093365 96.847748 -33.061333
v 77.182526 41.521294 6.291790
v -26.010126 94.999992 -31.693466
v 78.089249 44.796139 4.814696
v -24.739809 96.999992 -30.145580
v 77.518799 44.838436 6.272364
v -25.913429 95.765358 -31.575642
v 76.427658 44.915470 7.189844
v -25.638058 96.414207 -31.240101
v 77.656860 48.166588 6.266677
v -25.225939 96.847748 -30.737930
v 76.570274 48.178898 7.183861
v -28.991377 94.999992 -28.991415
v 75.126450 48.197346 7.497329
v 76.521545 51.448235 7.183471
v -27.577852 96.999992 -27.573101
v -28.883778 95.765358 -28.883451
v 75.091034 51.378113 7.498813
v -28.577364 96.414207 -28.576000
v 73.386559 51.286774 7.495399
v -28.118784 96.847748 -28.115866
v 74.855064 54.556656 7.497175
v -31.693428 94.999992 -26.010164
v 73.140968 54.341354 7.499372
v -30.145544 96.999992 -24.739847
v 71.635071 54.130852 7.230784
v -31.575603 95.765358 -25.913467
v 72.695320 57.374966 7.498956
v 71.168030 57.032738 7.252895
v -31.240065 96.414207 -25.638098
v 70.032280 56.762608 6.357464
v -30.737896 96.847748 -25.225977
v -34.090252 95.000000 -22.778418
v 70.501190 53.963299 6.314424
v 69.422409 56.613678 4.871540
v -32.427189 97.000000 -21.663120
v 69.899902 53.871090 4.796576
v -33.963657 95.765366 -22.693520
v 69.141159 56.537395 2.649644
v -33.603153 96.414215 -22.451756
v 69.626167 53.823570 2.649156
v -33.063614 96.847755 -22.089926
v 69.014946 56.487240 -0.000021
v -36.158772 95.000000 -19.327305
v -34.392803 97.000000 -18.383373
v 69.498055 53.787853 -0.000021
v -36.024345 95.765366 -19.255451
v 78.177887 41.394104 -0.000016
v 77.646057 38.021381 -0.000015
v -35.641529 96.414215 -19.050833
v -35.068611 96.847755 -18.744600
v 76.899902 34.660725 -0.000015
v 78.505882 44.778530 -0.000016
v -37.879059 95.000000 -15.690060
v 78.370079 44.775101 2.612232
v -36.030369 97.000000 -14.920642
v 78.643150 48.168812 -0.000020
v -37.738335 95.765366 -15.631491
v -37.337585 96.414215 -15.464701
v 78.507629 48.156898 2.604870
v -36.737831 96.847755 -15.215085
v 78.225746 48.159554 4.809783
v -39.234554 95.000000 -11.901710
v 78.459770 51.543316 2.588819
v -37.318367 97.000000 -11.320440
v 78.169174 51.526699 4.824737
v -39.088692 95.765366 -11.857462
v 77.600220 51.498959 6.274708
v -38.673313 96.414215 -11.731459
v 77.935646 54.896217 4.808146
v -38.051659 96.847755 -11.542882
v 77.374710 54.833519 6.259816
v 76.295547 54.717838 7.180451
v -40.212196 95.000000 -7.998740
v 76.952919 58.165478 6.248295
v -38.248920 97.000000 -7.604768
v 75.871216 57.979713 7.182205
v -40.062756 95.765366 -7.968751
v 74.416275 57.719852 7.498291
v -39.637169 96.414215 -7.883349
v 75.232941 61.222343 7.190360
v -39.000237 96.847755 -7.755536
v 73.757156 60.851452 7.496987
v -40.802574 95.000000 -4.018739
v -38.809803 97.000000 -3.822468
v 72.040497 60.368561 7.498359
v 72.891228 63.943394 7.497772
v -40.650887 95.765366 -4.003800
v 71.140808 63.289574 7.498327
v -40.218910 96.414215 -3.961254
v 69.566788 62.641476 7.303417
v -39.572407 96.847755 -3.897578
v 70.478203 59.878448 7.278104
v -41.000000 95.000000 -0.000036
v -38.997589 97.000000 0.003349
v 68.426140 62.148113 6.419043
v 69.336021 59.498974 6.390957
v -40.847572 95.765366 0.000221
v 67.810638 61.872059 4.880139
v -40.413509 96.414215 0.000955
v 68.718300 59.287273 4.872454
v -39.763878 96.847755 0.002054
v -40.802574 95.000000 4.018667
v 67.553078 61.743942 2.752088
v 68.448166 59.185486 2.709349
v -38.809803 97.000000 3.822396
v -40.650887 95.765366 4.003726
v 67.430351 61.663399 -0.000025
v -40.218910 96.414215 3.961179
v 68.322304 59.120876 -0.000022
v -39.572407 96.847755 3.897506
v 78.592796 51.564240 -0.000020
v -40.212196 95.000000 7.998667
v 78.350479 54.960171 -0.000021
v -38.247601 97.000000 7.611336
v 78.217560 54.930794 2.597728
v 77.913727 58.351517 -0.000022
v -40.062645 95.765366 7.969182
v 77.779953 58.318218 2.617754
v -39.636772 96.414215 7.885219
v 77.506035 58.265770 4.773884
v -38.999413 96.847755 7.759560
v -39.234554 95.000000 11.901634
v 77.124657 61.706074 2.621596
v -37.318367 97.000000 11.320364
v 76.858604 61.629276 4.774311
v -39.088692 95.765366 11.857386
v 76.308250 61.485630 6.256732
v 75.965599 64.980202 4.810817
v -38.673313 96.414215 11.731382
v -38.051659 96.847755 11.542805
v 75.428322 64.790108 6.269460
v -37.879059 95.000000 15.689983
v 74.368240 64.440880 7.199875
v 74.277603 68.070366 6.280540
v -36.027775 97.000000 14.926821
v -37.738136 95.765366 15.631889
v 73.239136 67.613586 7.213525
v 71.782188 66.972351 7.497159
v -37.336830 96.414215 15.466457
v 71.804901 70.732361 7.221997
v -36.736229 96.847755 15.218869
v -36.158772 95.000000 19.327229
v 70.394562 69.917328 7.497368
v -34.392803 97.000000 18.383299
v 68.681572 68.861359 7.499424
v -36.024345 95.765366 19.255375
v 70.044296 66.141541 7.499387
v 67.147316 67.853355 7.356925
v -35.641529 96.414215 19.050756
v 68.463310 65.311989 7.333622
v -35.068611 96.847755 18.744526
v 66.039146 67.099495 6.485837
v -34.090252 95.000000 22.778341
v 67.330254 64.693825 6.457213
v -32.423428 97.000000 21.668676
v 65.445908 66.677742 4.928087
v -33.963371 95.765366 22.693872
v 66.715187 64.344925 4.895007
v -33.602051 96.414215 22.453329
v 65.223549 66.491829 2.814256
v -33.061295 96.847755 22.093327
v 66.473953 64.188965 2.781901
v -31.693428 95.000008 26.010088
v -30.145542 97.000008 24.739771
v 65.106895 66.381943 -0.000026
v -31.575603 95.765373 25.913391
v 66.354271 64.095695 -0.000025
v 77.258202 61.744293 -0.000025
v -31.240063 96.414223 25.638020
v -30.737892 96.847763 25.225901
v 76.364227 65.137352 -0.000026
v 76.235504 65.082787 2.616225
v -27.573063 97.000008 27.577814
v 75.180832 68.514908 -0.000026
v -28.991377 95.000008 28.991339
v 75.053116 68.446487 2.663159
v -28.115828 96.847763 28.118746
v 74.809402 68.318260 4.789005
v -28.575962 96.414223 28.577326
v 73.518425 71.785187 2.698414
v -28.883413 95.765373 28.883739
v -26.010126 95.000008 31.693390
v 73.299149 71.625664 4.776351
v 72.798027 71.303955 6.287279
v -24.739809 97.000008 30.145506
v 71.361259 74.817131 4.782262
v -25.913429 95.765373 31.575565
v -25.638060 96.414223 31.240026
v 70.896454 74.439926 6.293593
v 69.986504 73.725807 7.228297
v -25.225939 96.847763 30.737858
v -22.778379 95.000008 34.090214
v 68.515144 77.329086 6.303403
v -21.663082 97.000008 32.427151
v 67.715309 76.488365 7.233043
v -22.693481 95.765373 33.963619
v 66.541969 75.288887 7.498454
v -22.451717 96.414223 33.603115
v 68.658852 72.712555 7.498484
v -22.089888 96.847763 33.063576
v 65.085289 73.757812 7.498839
v -19.327267 95.000008 36.158733
v 67.036179 71.424042 7.498752
v -18.383335 97.000008 34.392765
v 63.774639 72.340248 7.390872
v -19.255413 95.765373 36.024307
v 65.601517 70.224777 7.379719
v -19.050795 96.414223 35.641491
v 62.822971 71.301926 6.531372
v -18.744562 96.847763 35.068573
v 64.545677 69.322571 6.513390
v -15.690022 95.000008 37.879021
v 62.319382 70.733643 4.978837
v 63.986534 68.825493 4.955085
v -14.920603 97.000008 36.030331
v -15.631453 95.765373 37.738297
v 62.135784 70.494728 2.856212
v -15.464663 96.414223 37.337547
v 63.780910 68.610558 2.841483
v -15.215046 96.847763 36.737793
v 62.040825 70.365257 -0.000026
v -11.901671 95.000008 39.234516
v 63.674797 68.485268 -0.000026
v -11.320401 97.000008 37.318329
v 73.642235 71.869041 -0.000027
v -11.857424 95.765373 39.088654
v 71.678284 75.098389 -0.000030
v -11.731421 96.414223 38.673275
v 71.562920 74.998512 2.718068
v -11.542843 96.847763 38.051620
v 69.210899 78.086792 -0.000031
v 69.103783 77.973244 2.743759
v -7.998703 95.000008 40.212158
v -7.604731 97.000008 38.248882
v 68.927162 77.771164 4.789178
v -7.968715 95.765373 40.062717
v 66.123131 80.548271 2.735559
v -7.883312 96.414223 39.637131
v 65.967545 80.319519 4.833586
v -7.755498 96.847763 39.000198
v 65.623863 79.820480 6.317004
v -4.018703 95.000008 40.802536
v 62.570797 82.304710 4.800519
v -3.822431 97.000008 38.809765
v 62.304970 81.761597 6.308051
v -4.003763 95.765373 40.650848
v 61.802673 80.718933 7.233643
v 64.962494 78.867912 7.237432
v -3.961216 96.414223 40.218872
v -3.897542 96.847763 39.572369
v 61.086903 79.211349 7.498108
v 0.000000 95.000008 40.999962
v 64.007423 77.498604 7.496661
v 0.003386 97.000008 38.997551
v 60.156921 77.285538 7.499177
v 0.000258 95.765373 40.847534
v 62.790821 75.748215 7.499673
v 0.000992 96.414223 40.413471
v 59.282711 75.523941 7.381090
v 0.002090 96.847763 39.763840
v 61.657814 74.125801 7.389418
v 58.652924 74.275726 6.506611
v 4.018703 95.000008 40.802536
v 3.822433 97.000008 38.809765
v 60.853603 72.970955 6.526377
v 58.322865 73.621407 4.992219
v 4.003763 95.765373 40.650848
v 60.431564 72.348778 4.989637
v 3.961217 96.414223 40.218872
v 58.181808 73.346741 2.874604
v 3.897543 96.847763 39.572369
v 7.998703 95.000008 40.212158
v 60.269039 72.090355 2.875431
v 58.112041 73.206001 -0.000030
v 7.611373 97.000008 38.247562
v 60.183678 71.956238 -0.000027
v 7.969219 95.765373 40.062607
v 7.885256 96.414223 39.636734
v 66.213402 80.674706 -0.000031
v 7.759597 96.847763 38.999374
v 62.765694 82.685066 -0.000031
v 62.693195 82.544022 2.759285
v 11.901671 95.000008 39.234516
v 59.042561 84.021431 -0.000032
v 11.320403 97.000008 37.318329
v 58.990078 83.873535 2.746618
v 11.857424 95.765373 39.088654
v 58.895203 83.620079 4.790352
v 11.731421 96.414223 38.673275
v 55.209148 84.562103 2.711028
v 11.542844 96.847763 38.051620
v 55.134861 84.288071 4.828475
v 15.690022 95.000008 37.879021
v 55.015606 83.690697 6.316701
v 14.926860 97.000008 36.027737
v 58.708534 83.043945 6.304644
v 15.631927 95.765373 37.738098
v 54.818069 82.539978 7.239352
v 15.466496 96.414223 37.336792
v 15.218908 96.847763 36.736191
v 58.363400 81.930367 7.235688
v 19.327267 95.000008 36.158733
v 54.572292 80.905647 7.497130
v 18.383337 97.000008 34.392765
v 57.902473 80.357452 7.497336
v 19.255413 95.765373 36.024307
v 54.247169 78.856514 7.499470
v 19.050795 96.414223 35.641491
v 57.275375 78.331184 7.499591
v 18.744564 96.847763 35.068573
v 53.928085 76.994087 7.350902
v 56.681988 76.488075 7.367385
v 22.778379 95.000008 34.090214
v 53.689278 75.677597 6.468471
v 21.668715 97.000008 32.423389
v 22.693911 95.765373 33.963333
v 56.252804 75.190498 6.493443
v 53.543308 74.982475 4.943860
v 22.453367 96.414223 33.602013
v 56.015736 74.506165 4.978561
v 22.093365 96.847763 33.061256
v 53.454041 74.688080 2.850917
v 26.010126 95.000008 31.693390
v 55.901276 74.221947 2.864417
v 24.739809 97.000008 30.145504
v 25.913429 95.765373 31.575565
v 53.412430 74.533813 -0.000030
v 25.638058 96.414223 31.240025
v 55.844227 74.076340 -0.000030
v 55.243439 84.711205 -0.000032
v 25.225939 96.847763 30.737854
v 28.991377 95.000008 28.991339
v 51.505951 84.865364 -0.000032
v 27.577852 97.000008 27.573025
v 51.483055 84.715240 2.690066
v 47.979961 84.621178 -0.000032
v 28.883778 95.765373 28.883375
v 28.577364 96.414223 28.575924
v 41.000000 70.678917 -0.000027
v 28.118784 96.847763 28.115789
v 31.693428 95.000008 26.010088
v 30.145544 97.000008 24.739771
v 31.575603 95.765373 25.913391
v 31.240065 96.414223 25.638021
v 30.737896 96.847763 25.225901
v 41.709476 84.255951 -0.000032
v 34.090252 95.000000 22.778341
v 42.505905 83.848015 -0.000032
v 32.427189 97.000000 21.663044
v 33.963657 95.765366 22.693443
v 44.806286 84.117775 -0.000032
v 42.458069 83.718239 2.337795
v 33.603153 96.414215 22.451679
v 33.063614 96.847755 22.089849
v 44.781727 83.987648 2.511181
v 47.951702 84.471954 2.637768
v 36.158772 95.000000 19.327229
v 44.703732 83.674423 4.713352
v 34.392803 97.000000 18.383297
v 47.895107 84.174019 4.820552
v 36.024345 95.765366 19.255375
v 51.425751 84.429352 4.841566
v 35.641529 96.414215 19.050756
v 47.880039 83.541595 6.339827
v 35.068611 96.847755 18.744524
v 51.360741 83.812004 6.332006
v 37.879059 95.000000 15.689983
v 36.030369 97.000000 14.920564
v 47.916512 82.346260 7.257338
v 51.307793 82.640564 7.246136
v 37.738335 95.765366 15.631414
v 47.994770 80.572701 7.499546
v 37.337585 96.414215 15.464624
v 51.246758 80.961227 7.499560
v 36.737831 96.847755 15.215007
v 48.097340 78.479263 7.498377
v 39.234554 95.000000 11.901634
v 37.318367 97.000000 11.320362
v 51.160355 78.865685 7.499428
v 39.088692 95.765366 11.857386
v 48.199608 76.708061 7.308332
v 38.673313 96.414215 11.731382
v 51.080715 77.050278 7.331076
v 38.051659 96.847755 11.542804
v 48.269855 75.441559 6.410584
v 51.016605 75.755936 6.446145
v 40.212196 95.000000 7.998667
v 38.248920 97.000000 7.604693
v 48.263000 74.757713 4.853264
v 50.949642 75.059830 4.910539
v 40.062756 95.765366 7.968678
v 48.205563 74.462723 2.782547
v 39.637169 96.414215 7.883275
v 50.883656 74.764397 2.820831
v 39.000237 96.847755 7.755461
v 48.193775 74.299324 -0.000030
v 40.802574 95.000000 4.018667
v 50.858147 74.605064 -0.000030
v 38.809803 97.000000 3.822394
v 40.650887 95.765366 4.003726
v 43.307491 72.938911 -0.000030
v 41.979046 72.397186 -0.000027
v 40.218910 96.414215 3.961179
v 41.255226 71.655594 -0.000027
v 39.572407 96.847755 3.897505
v 41.888206 72.472305 2.412498
v 41.000000 95.000000 -0.000036
v 41.173477 71.712593 2.398726
v 38.997589 97.000000 -0.003423
v 40.847572 95.765366 -0.000294
v 40.932255 71.899414 4.725581
v 40.413509 96.414215 -0.001029
v 39.763878 96.847755 -0.002127
v 40.802574 71.011620 4.018677
v 40.802574 95.000000 -4.018739
v 38.809803 97.000000 -3.822470
v 40.705093 72.775757 6.704959
v 40.650887 95.765366 -4.003800
v 40.331573 71.981300 7.193909
v 40.428890 74.571793 8.000312
v 40.218910 96.414215 -3.961254
v 39.572407 96.847755 -3.897580
v 40.021145 74.252930 8.761402
v 40.350018 76.919579 8.294419
v 40.212196 95.000000 -7.998740
v 39.946823 76.904610 9.058110
v 38.247601 97.000000 -7.611411
v 40.062645 95.765366 -7.969256
v 39.636772 96.414215 -7.885293
v 39.946823 79.444435 9.058109
v 38.999413 96.847755 -7.759635
v 39.234554 95.000000 -11.901710
v 37.318367 97.000000 -11.320442
v 39.088692 95.765366 -11.857462
v 38.673313 96.414215 -11.731459
v 38.051659 96.847755 -11.542883
v 37.879059 95.000000 -15.690060
v 36.027775 97.000000 -14.926899
v 37.738136 95.765366 -15.631966
v 37.336830 96.414215 -15.466534
v 36.736229 96.847755 -15.218948
v 36.158772 95.000000 -19.327305
v 41.000000 85.782692 -0.000032
v 34.392803 97.000000 -18.383375
v 41.212116 84.892807 -0.000032
v 36.024345 95.765366 -19.255451
v 35.641529 96.414215 -19.050833
v 41.118595 84.818520 2.337912
v 35.068611 96.847755 -18.744602
v 41.623043 84.154221 2.305985
v 34.090252 95.000000 -22.778418
v 40.906124 84.500893 4.607320
v 32.423428 97.000000 -21.668753
v 41.382458 83.853279 4.512758
v 33.963371 95.765366 -22.693949
v 42.278866 83.376396 4.511980
v 33.602051 96.414215 -22.453405
v 41.127251 83.100197 6.314073
v 33.061295 96.847755 -22.093403
v 42.164612 82.690109 6.150316
v 31.693428 94.999992 -26.010164
v 30.145542 96.999992 -24.739847
v 44.690216 83.011093 6.345451
v 31.575603 95.765358 -25.913467
v 42.173851 81.358139 7.194150
v 44.773033 81.747536 7.285152
v 31.240063 96.414207 -25.638096
v 30.737892 96.847748 -25.225977
v 42.281612 79.411003 7.501116
v 28.991377 94.999992 -28.991415
v 44.885765 79.873138 7.497899
v 27.573063 96.999992 -27.577890
v 42.380096 77.077240 7.501271
v 45.042679 77.756699 7.497889
v 28.883413 95.765358 -28.883816
v 42.627720 75.196358 7.299924
v 28.575962 96.414207 -28.577402
v 45.299084 76.028358 7.290354
v 28.115828 96.847748 -28.118822
v 42.918854 73.948708 6.370481
v 26.010126 94.999992 -31.693466
v 45.501579 74.790161 6.371996
v 24.739809 96.999992 -30.145582
v 25.913429 95.765358 -31.575642
v 43.078079 73.302826 4.752928
v 25.638060 96.414207 -31.240103
v 45.541954 74.129028 4.831140
v 43.160404 73.015610 2.509953
v 25.225939 96.847748 -30.737934
v 22.778379 94.999992 -34.090290
v 45.480980 73.811104 2.700531
v 21.663082 96.999992 -32.427227
v 45.457912 73.653549 -0.000030
v 22.693481 95.765358 -33.963696
v 41.590935 72.647232 4.680461
v 22.451717 96.414207 -33.603191
v 41.340126 73.324242 6.446095
v 22.089888 96.847748 -33.063652
v 41.173744 74.844841 7.468728
v 19.327267 94.999992 -36.158810
v 41.075062 76.941795 7.702904
v 18.383335 96.999992 -34.392841
v 41.000122 79.370293 7.734678
v 19.255413 95.765358 -36.024384
v 40.335632 79.409584 8.304615
v 19.050795 96.414207 -35.641567
v 40.978085 81.501793 7.459095
v 18.744562 96.847748 -35.068649
v 40.407139 81.767639 7.940080
v 40.054890 82.097435 8.626676
v 15.690022 94.999992 -37.879097
v 40.639919 83.609558 6.594507
v 14.920603 96.999992 -36.030407
v 40.355515 84.257729 7.032492
v 15.631453 95.765358 -37.738373
v 15.464663 96.414207 -37.337624
v 15.215046 96.847748 -36.737869
v 11.901671 94.999992 -39.234592
v 11.320401 96.999992 -37.318405
v 11.857424 95.765358 -39.088730
v 11.731421 96.414207 -38.673351
v 11.542843 96.847748 -38.051697
v 7.998703 94.999992 -40.212234
v 7.604731 96.999992 -38.248959
v 7.968715 95.765358 -40.062794
v 7.883312 96.414207 -39.637207
v 7.755498 96.847748 -39.000275
v 4.018703 94.999992 -40.802612
v 3.822431 96.999992 -38.809841
v 4.003763 95.765358 -40.650925
v 3.961216 96.414207 -40.218948
v 3.897542 96.847748 -39.572445
v 26.010126 7.499988 -31.693430
v 22.778379 7.499987 -34.090252
v 19.327267 7.499985 -36.158772
v 15.690022 7.499985 -37.879059
v 11.901671 7.499985 -39.234554
v 7.998703 7.499984 -40.212196
v 35.537392 87.500000 -20.364006
v 4.018703 87.499992 -40.802612
v 0.000000 87.499992 -41.000038
v -4.018703 87.499992 -40.802612
v -7.998703 87.499992 -40.212234
v -11.901671 87.499992 -39.234592
v -15.690022 87.499992 -37.879097
v -19.327267 87.499992 -36.158810
v -22.778379 87.499992 -34.090290
v -26.010126 87.499992 -31.693459
v -28.991377 87.499992 -28.991407
v -31.693428 87.499992 -26.010157
v -34.090252 87.500000 -22.778410
v -36.158772 87.500000 -19.327297
v -37.879059 87.500000 -15.690055
v -39.234554 87.500000 -11.901706
v 41.196781 25.165300 -2.460073
v -40.212196 87.500000 -7.998738
v 41.981213 24.400763 -2.510932
v -40.802574 87.500000 -4.018737
v 43.381371 23.616131 -2.626147
v -41.000000 87.500000 -0.000035
v -40.802574 87.500000 4.018668
v 41.670216 24.261702 -4.781786
v -40.212196 87.500000 7.998668
v 43.290562 23.352850 -4.857246
v -39.234554 87.500000 11.901637
v 45.663013 22.277838 -4.901554
v -37.879059 87.500000 15.689987
v 45.596199 22.593269 -2.770657
v -36.158772 87.500000 19.327236
v 48.205338 21.756977 -2.846399
v -34.090252 87.500000 22.778349
v -31.693428 87.500008 26.010096
v 40.802574 11.098051 -4.018708
v -28.991377 87.500008 28.991346
v -26.010126 87.500008 31.693398
v 41.117203 11.573112 -2.253750
v -22.778379 87.500008 34.090214
v 40.920284 11.915818 -4.496628
v -19.327267 87.500008 36.158733
v 40.658398 12.890682 -6.546955
v 40.362453 12.214821 -6.985764
v -15.690022 87.500008 37.879021
v -11.901671 87.500008 39.234516
v 40.422550 14.829382 -7.899902
v 40.062286 14.487811 -8.597182
v -7.998703 87.500008 40.212158
v 40.340263 17.224045 -8.297898
v -4.018703 87.500008 40.802536
v 0.000000 87.500008 40.999962
v 4.018703 87.500008 40.802536
v 7.998703 87.500008 40.212158
v 11.901671 87.500008 39.234516
v 15.690022 87.500008 37.879021
v 19.327267 87.500008 36.158733
v 40.340309 19.784096 -8.308173
v 22.778379 87.500008 34.090214
v 26.010126 87.500008 31.693398
v 40.404339 22.320868 -8.030030
v 28.991377 87.500008 28.991346
v 40.702560 24.207092 -6.697992
v 31.693428 87.500008 26.010096
v 40.326962 24.971361 -7.225023
v 34.090252 87.500000 22.778349
v 40.939926 25.048517 -4.795690
v 36.158772 87.500000 19.327236
v 40.802574 25.958172 -4.018713
v 37.879059 87.500000 15.689987
v 39.234554 87.500000 11.901637
v 40.212196 87.500000 7.998668
v 41.389500 23.621103 -6.438944
v 40.802574 87.500000 4.018668
v 41.144451 22.031181 -7.483022
v 41.000000 87.500000 -0.000035
v 42.684704 21.554472 -7.286999
v 40.802574 87.500000 -4.018737
v 40.212196 87.500000 -7.998738
v 43.086609 22.755692 -6.353487
v 39.234554 87.500000 -11.901706
v 45.305168 20.384357 -7.298208
v 37.879059 87.500000 -15.690055
v 45.582027 21.610535 -6.399076
v 48.132576 19.423386 -7.342690
v 36.158772 87.500000 -19.327297
v 34.090252 87.500000 -22.778410
v 48.253193 20.742361 -6.462779
v 31.693428 87.499992 -26.010157
v 48.268906 21.458632 -4.945263
v 28.991377 87.499992 -28.991407
v 50.904869 20.322819 -6.504768
v 26.010126 87.499992 -31.693459
v 50.847313 21.056623 -5.006013
v 22.778379 87.499992 -34.090290
v 50.782257 21.349874 -2.895367
v 19.327267 87.499992 -36.158810
v 53.353931 21.105761 -5.057314
v 15.690022 87.499992 -37.879097
v 53.270180 21.389126 -2.930731
v 11.901671 87.499992 -39.234592
v 41.597252 12.230762 -2.211947
v 61.719086 25.882029 -2.860319
v 7.998703 87.499992 -40.212234
v 35.566936 7.500006 20.314680
v 63.348396 27.831951 -2.839540
v 35.566933 87.500000 20.314653
v 64.786293 30.003794 -2.813086
v 63.544228 27.636158 -4.960533
v 65.003510 29.832041 -4.942031
v 66.278954 32.199799 -4.911997
v 66.044838 32.345097 -2.783407
v 67.137306 34.818459 -2.738619
v 47.498463 11.602475 -2.607977
v 44.370991 12.388675 -2.384244
v 42.356823 12.659091 -2.224084
v 44.222595 12.710073 -4.554509
v 42.182571 12.998622 -4.374711
v 41.394279 12.555169 -4.392964
v 42.016342 13.757549 -6.106685
v 41.165726 13.404984 -6.265350
v 42.006561 15.228090 -7.159091
v 40.988125 15.095991 -7.432820
v 42.148758 17.181505 -7.500733
v 40.996178 17.247059 -7.736691
v 42.324562 19.576982 -7.501893
v 41.037663 19.758795 -7.719691
v 44.653721 16.560080 -7.498307
v 44.954884 18.672216 -7.497875
v 47.749294 15.527246 -7.497413
v 47.956223 17.609350 -7.498529
v 51.020851 14.943339 -7.497091
v 50.985050 17.060007 -7.498735
v 50.943039 18.952265 -7.370750
v 54.042160 17.093138 -7.499816
v 53.725540 19.018335 -7.381119
v 53.494820 20.383274 -6.523078
v 56.417332 19.606560 -7.384665
v 55.984074 20.919992 -6.535564
v 55.746475 21.625498 -5.063479
v 58.319477 21.920179 -6.536060
v 57.981983 22.592400 -5.028973
v 57.857792 22.853859 -2.911856
v 55.641548 21.899960 -2.918102
v 59.887321 24.203493 -2.886516
v 60.037083 23.955982 -5.010059
v 61.892311 25.659035 -4.984930
v 60.469837 23.329313 -6.540695
v 62.398655 25.103437 -6.524337
v 64.102539 27.157566 -6.501470
v 63.345291 24.106054 -7.378448
v 65.142456 26.302282 -7.363131
v 66.707954 28.694511 -7.352169
v 65.599846 29.424101 -6.483778
v 68.034492 31.249842 -7.334224
v 66.894844 31.859165 -6.457516
v 69.157356 33.921940 -7.311577
v 68.004784 34.421944 -6.424410
v 67.386444 34.697197 -4.885993
v 68.942207 37.079224 -6.388630
v 68.327660 37.295143 -4.856500
v 68.067986 37.391159 -2.702019
v 69.096611 39.970856 -4.831541
v 68.829094 40.044319 -2.676754
v 58.915882 12.222797 -2.738144
v 55.045242 11.319987 -2.731107
v 51.177372 11.152911 -2.711821
v 54.980286 11.572969 -4.840197
v 51.125813 11.412298 -4.806744
v 47.430119 11.874948 -4.745509
v 51.079849 12.024358 -6.319062
v 47.434284 12.510866 -6.324927
v 44.203987 13.390549 -6.306873
v 47.553886 13.743543 -7.268510
v 44.391228 14.680929 -7.284065
v 51.034149 13.216925 -7.249484
v 54.864536 12.164549 -6.316153
v 54.664955 13.297771 -7.232502
v 54.390923 14.956409 -7.498184
v 58.261852 14.106002 -7.225405
v 57.724148 15.671114 -7.497565
v 57.038467 17.711992 -7.499100
v 60.856831 17.047646 -7.498180
v 59.857258 18.928612 -7.499598
v 58.963329 20.664789 -7.393397
v 62.409977 20.650314 -7.498818
v 61.290157 22.190628 -7.392091
v 64.641647 22.764174 -7.498838
v 63.649845 18.993151 -7.498408
v 66.077637 21.327858 -7.498694
v 68.138077 23.927996 -7.496464
v 66.577278 25.144098 -7.499728
v 69.849373 26.715433 -7.496951
v 68.209641 27.726124 -7.498800
v 71.272522 29.616419 -7.496970
v 69.577629 30.450161 -7.498606
v 72.440659 32.595116 -7.495416
v 70.721581 33.266731 -7.498224
v 73.366905 35.642361 -7.494979
v 71.670197 36.155014 -7.496746
v 70.101006 36.677662 -7.286620
v 72.407463 39.118092 -7.497178
v 70.862839 39.504463 -7.263788
v 69.711449 39.807571 -6.362394
v 71.428261 42.386944 -7.243539
v 70.287994 42.594200 -6.338964
v 69.679100 42.705502 -4.829178
v 70.656487 45.422764 -6.313576
v 70.054970 45.483604 -4.809857
v 69.778221 45.510159 -2.615802
v 69.401077 42.756695 -2.636619
v 68.629501 18.766027 -2.710251
v 65.826599 16.097179 -2.735756
v 62.565132 13.857361 -2.737492
v 65.684807 16.306011 -4.772587
v 62.451706 14.084946 -4.798775
v 58.827892 12.465652 -4.831960
v 62.177040 14.605411 -6.288802
v 58.632599 13.027557 -6.305067
v 61.636814 15.605524 -7.218689
v 65.338181 16.780500 -6.280920
v 64.654907 17.692966 -7.216960
v 68.050278 19.383060 -6.284348
v 67.245575 20.192030 -7.218387
v 70.333679 22.270998 -6.290160
v 69.422646 22.961752 -7.221686
v 72.218460 25.316450 -6.288353
v 71.231224 25.900007 -7.222699
v 73.755241 28.460630 -6.280945
v 72.724098 28.938326 -7.215331
v 74.984718 31.674635 -6.277712
v 73.925812 32.054726 -7.208141
v 75.939857 34.932228 -6.286686
v 74.853493 35.230515 -7.212476
v 76.660820 38.217525 -6.297101
v 75.566856 38.433430 -7.210601
v 74.083267 38.737953 -7.495161
v 76.088470 41.665314 -7.202518
v 74.625862 41.866058 -7.494493
v 72.950172 42.124622 -7.498402
v 74.972313 45.023998 -7.497110
v 73.290703 45.165581 -7.495998
v 71.787086 45.308083 -7.226452
v 73.432419 48.223263 -7.498396
v 71.930214 48.251286 -7.210729
v 70.805214 48.274059 -6.283457
v 71.878281 51.196674 -7.211152
v 70.753410 51.126507 -6.282266
v 70.164696 51.086468 -4.761027
v 70.215485 48.284168 -4.764908
v 69.892876 51.064636 -2.636941
v 69.942230 48.286690 -2.635790
v 74.518318 28.077173 -2.649520
v 72.934128 24.850288 -2.673971
v 70.983162 21.716499 -2.690452
v 72.718369 25.004507 -4.788998
v 70.787621 21.893158 -4.805091
v 68.458214 18.960732 -4.794811
v 74.282745 28.203196 -4.767577
v 75.777977 31.364790 -2.630119
v 75.530991 31.466883 -4.768720
v 76.768585 34.691540 -2.612186
v 76.501282 34.770424 -4.806558
v 77.512321 38.036964 -2.605927
v 77.230644 38.098995 -4.852164
v 78.042870 41.400166 -2.603594
v 77.755989 41.441898 -4.852795
v 77.182526 41.521294 -6.291824
v 78.089249 44.796139 -4.814729
v 77.518799 44.838436 -6.272398
v 76.427658 44.915470 -7.189877
v 77.656860 48.166588 -6.266717
v 76.570274 48.178898 -7.183900
v 75.126450 48.197346 -7.497368
v 76.521545 51.448235 -7.183512
v 75.091034 51.378113 -7.498854
v 73.386559 51.286774 -7.495440
v 74.855064 54.556656 -7.497217
v 73.140968 54.341354 -7.499415
v 71.635071 54.130852 -7.230825
v 72.695320 57.374966 -7.498999
v 71.168030 57.032738 -7.252938
v 70.032280 56.762608 -6.357506
v 70.501190 53.963299 -6.314466
v 69.422409 56.613678 -4.871583
v 69.899902 53.871090 -4.796618
v 69.141159 56.537395 -2.649687
v 69.626167 53.823570 -2.649198
v 78.370079 44.775101 -2.612265
v 78.507629 48.156898 -2.604910
v 78.225746 48.159554 -4.809823
v 78.459770 51.543316 -2.588859
v 78.169174 51.526699 -4.824778
v 77.600220 51.498959 -6.274749
v 77.935646 54.896217 -4.808189
v 77.374710 54.833519 -6.259859
v 76.295547 54.717838 -7.180493
v 76.952919 58.165478 -6.248338
v 75.871216 57.979713 -7.182248
v 74.416275 57.719852 -7.498335
v 75.232941 61.222343 -7.190410
v 73.757156 60.851452 -7.497037
v 72.040497 60.368561 -7.498409
v 72.891228 63.943394 -7.497823
v 71.140808 63.289574 -7.498378
v 69.566788 62.641476 -7.303467
v 70.478203 59.878448 -7.278147
v 68.426140 62.148113 -6.419093
v 69.336021 59.498974 -6.391000
v 67.810638 61.872059 -4.880189
v 68.718300 59.287273 -4.872497
v 67.553078 61.743942 -2.752138
v 68.448166 59.185486 -2.709398
v 78.217560 54.930794 -2.597770
v 77.779953 58.318218 -2.617797
v 77.506035 58.265770 -4.773927
v 77.124657 61.706074 -2.621646
v 76.858604 61.629276 -4.774361
v 76.308250 61.485630 -6.256782
v 75.965599 64.980202 -4.810868
v 75.428322 64.790108 -6.269511
v 74.368240 64.440880 -7.199926
v 74.277603 68.070366 -6.280592
v 73.239136 67.613586 -7.213577
v 71.782188 66.972351 -7.497211
v 71.804901 70.732361 -7.222050
v 70.394562 69.917328 -7.497421
v 68.681572 68.861359 -7.499477
v 70.044296 66.141541 -7.499439
v 67.147316 67.853355 -7.356977
v 68.463310 65.311989 -7.333673
v 66.039146 67.099495 -6.485889
v 67.330254 64.693825 -6.457264
v 65.445908 66.677742 -4.928139
v 66.715187 64.344925 -4.895058
v 65.223549 66.491829 -2.814307
v 66.473953 64.188965 -2.781952
v 76.235504 65.082787 -2.616276
v 75.053116 68.446487 -2.663212
v 74.809402 68.318260 -4.789057
v 73.518425 71.785187 -2.698467
v 73.299149 71.625664 -4.776404
v 72.798027 71.303955 -6.287332
v 71.361259 74.817131 -4.782322
v 70.896454 74.439926 -6.293652
v 69.986504 73.725807 -7.228357
v 68.515144 77.329086 -6.303464
v 67.715309 76.488365 -7.233104
v 66.541969 75.288887 -7.498515
v 68.658852 72.712555 -7.498544
v 65.085289 73.757812 -7.498899
v 67.036179 71.424042 -7.498805
v 63.774639 72.340248 -7.390926
v 65.601517 70.224777 -7.379772
v 62.822971 71.301926 -6.531425
v 64.545677 69.322571 -6.513443
v 62.319382 70.733643 -4.978890
v 63.986534 68.825493 -4.955138
v 62.135784 70.494728 -2.856265
v 63.780910 68.610558 -2.841535
v 71.562920 74.998512 -2.718128
v 69.103783 77.973244 -2.743820
v 68.927162 77.771164 -4.789239
v 66.123131 80.548271 -2.735622
v 65.967545 80.319519 -4.833648
v 65.623863 79.820480 -6.317066
v 62.570797 82.304710 -4.800581
v 62.304970 81.761597 -6.308114
v 61.802673 80.718933 -7.233706
v 64.962494 78.867912 -7.237493
v 61.086903 79.211349 -7.498170
v 64.007423 77.498604 -7.496722
v 60.156921 77.285538 -7.499237
v 62.790821 75.748215 -7.499734
v 59.282711 75.523941 -7.381151
v 61.657814 74.125801 -7.389478
v 58.652924 74.275726 -6.506671
v 60.853603 72.970955 -6.526437
v 58.322865 73.621407 -4.992278
v 60.431564 72.348778 -4.989691
v 58.181808 73.346741 -2.874660
v 60.269039 72.090355 -2.875485
v 62.693195 82.544022 -2.759348
v 58.990078 83.873535 -2.746682
v 58.895203 83.620079 -4.790415
v 55.209148 84.562103 -2.711092
v 55.134861 84.288071 -4.828538
v 55.015606 83.690697 -6.316764
v 58.708534 83.043945 -6.304707
v 54.818069 82.539978 -7.239415
v 58.363400 81.930367 -7.235751
v 54.572292 80.905647 -7.497193
v 57.902473 80.357452 -7.497397
v 54.247169 78.856514 -7.499532
v 57.275375 78.331184 -7.499653
v 53.928085 76.994087 -7.350963
v 56.681988 76.488075 -7.367446
v 53.689278 75.677597 -6.468532
v 56.252804 75.190498 -6.493503
v 53.543308 74.982475 -4.943921
v 56.015736 74.506165 -4.978621
v 53.454041 74.688080 -2.850977
v 55.901276 74.221947 -2.864478
v 51.483055 84.715240 -2.690130
v 42.458069 83.718239 -2.337860
v 44.781727 83.987648 -2.511246
v 47.951702 84.471954 -2.637833
v 44.703732 83.674423 -4.713416
v 47.895107 84.174019 -4.820615
v 51.425751 84.429352 -4.841629
v 47.880039 83.541595 -6.339891
v 51.360741 83.812004 -6.332069
v 47.916512 82.346260 -7.257400
v 51.307793 82.640564 -7.246199
v 47.994770 80.572701 -7.499609
v 51.246758 80.961227 -7.499622
v 48.097340 78.479263 -7.498439
v 51.160355 78.865685 -7.499490
v 48.199608 76.708061 -7.308393
v 51.080715 77.050278 -7.331137
v 48.269855 75.441559 -6.410645
v 51.016605 75.755936 -6.446206
v 48.263000 74.757713 -4.853324
v 50.949642 75.059830 -4.910600
v 48.205563 74.462723 -2.782607
v 50.883656 74.764397 -2.820892
v 41.888206 72.472305 -2.412555
v 41.173477 71.712593 -2.398782
v 40.932255 71.899414 -4.725635
v 40.802574 71.006981 -4.018729
v 40.705093 72.775757 -6.705018
v 40.331573 71.981300 -7.193963
v 40.428890 74.571793 -8.000371
v 40.021145 74.252930 -8.761461
v 40.350018 76.919579 -8.294477
v 41.118595 84.818520 -2.337977
v 41.623043 84.154221 -2.306051
v 40.906124 84.500893 -4.607384
v 41.382458 83.853279 -4.512822
v 42.278866 83.376396 -4.512042
v 41.127251 83.100197 -6.314135
v 42.164612 82.690109 -6.150379
v 44.690216 83.011093 -6.345514
v 42.173851 81.358139 -7.194212
v 44.773033 81.747536 -7.285215
v 42.281612 79.411003 -7.501178
v 44.885765 79.873138 -7.497960
v 42.380096 77.077240 -7.501332
v 45.042679 77.756699 -7.497951
v 42.627720 75.196358 -7.299984
v 45.299084 76.028358 -7.290415
v 42.918854 73.948708 -6.370540
v 45.501579 74.790161 -6.372056
v 43.078079 73.302826 -4.752988
v 45.541954 74.129028 -4.831200
v 43.160404 73.015610 -2.510007
v 45.480980 73.811104 -2.700588
v 41.590935 72.647232 -4.680521
v 41.340126 73.324242 -6.446154
v 41.173744 74.844841 -7.468789
v 41.075062 76.941795 -7.702965
v 41.000122 79.370293 -7.734740
v 40.335632 79.409584 -8.304676
v 40.978085 81.501793 -7.459157
v 40.407139 81.767639 -7.940143
v 40.054890 82.097435 -8.626737
v 40.639919 83.609558 -6.594571
v 40.355515 84.257729 -7.032556
v 40.802574 85.321198 -4.018737
v 40.885509 10.758599 2.330528
v 40.212196 13.695086 7.998698
v 39.946823 17.196701 9.058134
v 39.946823 19.808790 9.058131
v 40.212196 23.731121 7.998694
v 40.878784 26.167839 2.467417
v 40.880287 70.768707 2.436821
v 40.212196 73.196823 7.998674
v 40.212196 82.888947 7.998672
v 40.802574 85.321907 4.018668
v 40.881546 85.652092 2.411127
v 40.885509 10.758599 -2.330538
v 40.212196 13.701743 -7.998709
v 39.946823 17.196697 -9.058146
v 39.946823 19.808786 -9.058148
v 40.019005 22.594793 -8.769971
v 40.212196 23.729113 -7.998713
v 40.878784 26.167839 -2.467438
v 40.880287 70.768707 -2.436874
v 40.212196 73.195625 -7.998733
v 39.946823 76.904610 -9.058169
v 39.946823 79.444435 -9.058170
v 40.212196 82.897423 -7.998735
v 40.881546 85.652092 -2.411192
vn 0.8505 0.5259 -0.0000
vn 0.5888 0.8036 0.0868
vn 0.5777 0.8163 -0.0000
vn 0.4472 0.8945 -0.0000
vn 0.4483 0.8898 0.0851
vn 0.5981 0.7601 0.2540
vn 0.4294 0.8652 0.2589
vn 0.3590 0.9291 0.0887
vn 0.3641 0.9313 -0.0000
vn 0.2356 0.9718 -0.0000
vn 0.0731 0.9973 -0.0000
vn 0.2292 0.9691 0.0907
vn 0.0604 0.9548 0.2912
vn -0.1135 0.9476 0.2988
vn -0.1136 0.9891 0.0934
vn 0.9025 -0.4202 0.0941
vn 0.9857 -0.1122 0.1255
vn 0.9897 -0.1280 0.0648
vn 0.8883 -0.3968 0.2312
vn 0.9734 -0.0863 0.2123
vn 0.3416 0.9015 0.2658
vn 0.1165 0.3322 0.9360
vn 0.0673 0.3136 0.9472
vn 0.1657 0.7368 0.6555
vn 0.3455 0.7052 0.6191
vn 0.2696 0.7262 0.6324
vn 0.0429 0.7377 0.6738
vn 0.8232 -0.1545 0.5463
vn 0.9378 -0.0104 0.3469
vn 0.9463 -0.0363 0.3213
vn 0.8518 0.5177 0.0797
vn 0.9360 0.0066 0.3519
vn 0.8014 0.1439 0.5805
vn 0.9445 0.0324 0.3270
vn 0.8286 0.3662 0.4235
vn 0.9717 0.0923 0.2176
vn 0.9460 0.0717 0.3161
vn 0.8484 0.4786 0.2264
vn 0.9837 0.1330 0.1211
vn 0.7899 -0.0391 0.6120
vn 0.8640 -0.3190 0.3896
vn 0.9877 0.1457 0.0576
vn 0.9908 0.1355 -0.0000
vn 0.5448 0.6037 0.5820
vn 0.4647 0.2722 0.8426
vn 0.1898 0.3381 0.9218
vn 0.2153 0.9360 0.2786
vn 0.0691 0.9933 0.0925
vn -0.1112 0.9938 -0.0000
vn 0.9936 -0.1131 -0.0000
vn 0.9098 -0.4151 -0.0000
vn 0.6629 -0.7402 0.1124
vn -0.7237 0.6901 -0.0000
vn -0.7982 0.5956 0.0909
vn -0.8021 0.5972 -0.0000
vn -0.8542 0.5120 0.0906
vn -0.8578 0.5140 -0.0000
vn -0.8227 0.4950 0.2796
vn -0.8630 0.4246 0.2737
vn -0.8942 0.4385 0.0899
vn -0.8978 0.4404 -0.0000
vn -0.9239 0.3721 0.0891
vn -0.9276 0.3737 -0.0000
vn -0.1931 -0.9812 -0.0000
vn -0.1864 -0.9788 0.0845
vn -0.1964 -0.9765 0.0883
vn 0.1774 -0.9779 0.1111
vn 0.1935 -0.9811 -0.0000
vn -0.2053 -0.9471 0.2468
vn 0.1630 -0.9417 0.2944
vn 0.6569 -0.7001 0.2801
vn 0.6015 -0.5690 0.5608
vn 0.1169 -0.7533 0.6473
vn 0.5206 -0.2882 0.8037
vn 0.0880 -0.3592 0.9291
vn 0.4454 -0.0731 0.8924
vn 0.1031 0.0472 0.9936
vn 0.4265 0.0352 0.9038
vn 0.7827 0.0196 0.6221
vn 0.0893 -0.0882 0.9921
vn 0.0159 0.0525 0.9985
vn -0.0240 -0.0590 0.9980
vn 0.0080 0.0381 0.9992
vn -0.0147 -0.0640 0.9978
vn 0.0016 0.0308 0.9995
vn 0.0155 0.2981 0.9544
vn -0.0369 0.2875 0.9571
vn -0.0897 0.7255 0.6823
vn -0.2218 0.6928 0.6861
vn -0.2907 0.9083 0.3007
vn -0.3441 0.6418 0.6853
vn -0.4524 0.8408 0.2973
vn -0.3030 0.9485 0.0927
vn -0.4763 0.8793 -0.0000
vn -0.3016 0.9534 -0.0000
vn -0.6138 0.7840 0.0925
vn -0.6178 0.7863 -0.0000
vn -0.4741 0.8756 0.0924
vn -0.5875 0.7534 0.2953
vn -0.6910 0.6624 0.2894
vn -0.7198 0.6881 0.0914
vn -0.5316 0.5110 0.6754
vn -0.5963 0.4482 0.6660
vn -0.7674 0.5750 0.2836
vn -0.2460 0.1864 0.9512
vn -0.2724 0.1645 0.9480
vn -0.6446 0.3881 0.6586
vn -0.2985 0.1473 0.9430
vn -0.6837 0.3360 0.6478
vn -0.3239 0.1317 0.9369
vn -0.7161 0.2889 0.6354
vn -0.8934 0.3609 0.2676
vn -0.7433 0.2424 0.6235
vn -0.9175 0.2995 0.2617
vn -0.9473 0.3080 0.0885
vn -0.9372 0.2349 0.2580
vn -0.9664 0.2413 0.0885
vn -0.9510 0.3091 -0.0000
vn 0.1369 -0.9906 -0.0000
vn 0.3182 -0.9439 0.0879
vn 0.1351 -0.9869 0.0876
vn -0.0387 -0.9993 -0.0000
vn -0.0403 -0.9954 0.0874
vn -0.1853 -0.9827 -0.0000
vn 0.1294 -0.9594 0.2505
vn -0.0428 -0.9677 0.2486
vn -0.1904 -0.9504 0.2459
vn -0.0389 -0.8037 0.5938
vn -0.1636 -0.7866 0.5954
vn -0.1959 -0.7683 0.6093
vn -0.0819 -0.3824 0.9204
vn -0.1143 -0.3496 0.9299
vn -0.0221 -0.4038 0.9146
vn -0.0050 -0.0742 0.9972
vn 0.0536 -0.4126 0.9093
vn 0.0102 -0.0820 0.9966
vn 0.0278 -0.0823 0.9962
vn -0.0079 0.0252 0.9997
vn -0.0034 0.0276 0.9996
vn 0.0439 -0.0783 0.9960
vn -0.0125 0.0223 0.9997
vn -0.0873 0.2730 0.9580
vn -0.1340 0.2492 0.9591
vn -0.0162 0.0207 0.9997
vn -0.1747 0.2254 0.9585
vn -0.0214 0.0210 0.9996
vn -0.2125 0.2061 0.9552
vn -0.4481 0.5761 0.6837
vn 0.0658 -0.0594 0.9961
vn 0.0725 -0.0505 0.9961
vn -0.0271 0.0205 0.9994
vn 0.0773 -0.0420 0.9961
vn -0.0330 0.0198 0.9993
vn 0.0827 -0.0355 0.9959
vn -0.0398 0.0196 0.9990
vn 0.0878 -0.0301 0.9957
vn -0.0478 0.0194 0.9987
vn 0.0902 -0.0236 0.9956
vn -0.0569 0.0183 0.9982
vn -0.3477 0.1139 0.9307
vn -0.0671 0.0161 0.9976
vn -0.3705 0.0929 0.9242
vn -0.7655 0.1917 0.6142
vn -0.3908 0.0683 0.9179
vn -0.7833 0.1363 0.6065
vn -0.9523 0.1659 0.2562
vn -0.7973 0.0779 0.5985
vn -0.9631 0.0946 0.2518
vn -0.9813 0.1712 0.0879
vn -0.9914 0.0972 0.0874
vn -0.9851 0.1718 -0.0000
vn -0.9702 0.2421 -0.0000
vn 0.6300 -0.7766 -0.0000
vn 0.7349 -0.6725 0.0876
vn 0.6276 -0.7736 0.0877
vn 0.4898 -0.8718 -0.0000
vn 0.4875 -0.8687 0.0877
vn 0.3202 -0.9473 -0.0000
vn 0.4756 -0.8449 0.2451
vn 0.3093 -0.9179 0.2486
vn 0.3991 -0.7077 0.5831
vn 0.2582 -0.7662 0.5885
vn 0.1351 -0.3995 0.9067
vn 0.1058 -0.7991 0.5918
vn 0.2094 -0.3715 0.9045
vn 0.5141 -0.6312 0.5807
vn 0.2702 -0.3298 0.9045
vn 0.6005 -0.5467 0.5836
vn 0.3145 -0.2850 0.9055
vn 0.0566 -0.0688 0.9960
vn 0.6635 -0.4648 0.5862
vn 0.3456 -0.2413 0.9068
vn 0.7103 -0.3907 0.5855
vn 0.3686 -0.2019 0.9074
vn 0.7456 -0.3234 0.5827
vn 0.3889 -0.1681 0.9058
vn 0.7702 -0.2611 0.5820
vn 0.4043 -0.1371 0.9043
vn 0.7844 -0.2029 0.5862
vn 0.4115 -0.1064 0.9052
vn 0.7934 -0.1498 0.5900
vn 0.4187 -0.0790 0.9047
vn 0.0939 -0.0181 0.9954
vn 0.4283 -0.0558 0.9019
vn 0.0994 -0.0145 0.9949
vn -0.0766 0.0127 0.9970
vn 0.1043 -0.0074 0.9945
vn -0.0852 0.0080 0.9963
vn -0.4070 0.0400 0.9125
vn -0.0911 0.0023 0.9958
vn -0.4202 0.0100 0.9074
vn -0.8071 -0.0475 0.5885
vn -0.8081 0.0182 0.5888
vn -0.9675 -0.0562 0.2466
vn -0.9689 0.0209 0.2465
vn -0.9945 -0.0571 0.0883
vn -0.9959 0.0202 0.0882
vn -0.9984 -0.0573 -0.0000
vn -0.9998 0.0206 -0.0000
vn 0.8746 -0.4849 -0.0000
vn 0.9134 -0.3975 0.0881
vn 0.8713 -0.4829 0.0877
vn 0.8169 -0.5768 -0.0000
vn 0.8138 -0.5745 0.0874
vn 0.7377 -0.6752 -0.0000
vn 0.7926 -0.5577 0.2466
vn 0.7159 -0.6539 0.2449
vn 0.6117 -0.7529 0.2428
vn 0.8487 -0.4683 0.2457
vn 0.8896 -0.3862 0.2439
vn 0.9433 -0.3202 0.0878
vn 0.9185 -0.3117 0.2432
vn 0.9642 -0.2498 0.0885
vn 0.9380 -0.2429 0.2473
vn 0.9786 -0.1855 0.0892
vn 0.9509 -0.1799 0.2520
vn 0.9880 -0.1259 0.0896
vn 0.9600 -0.1223 0.2519
vn 0.8115 -0.0552 0.5817
vn 0.8020 -0.1026 0.5884
vn 0.4401 -0.0298 0.8974
vn 0.4452 -0.0055 0.8954
vn 0.1082 -0.0016 0.9941
vn 0.1093 0.0046 0.9940
vn -0.0907 -0.0057 0.9959
vn -0.0829 -0.0114 0.9965
vn -0.4025 -0.0563 0.9137
vn -0.4182 -0.0251 0.9080
vn -0.3799 -0.0840 0.9212
vn -0.7707 -0.1694 0.6142
vn -0.7929 -0.1099 0.5993
vn -0.9423 -0.2077 0.2625
vn -0.9587 -0.1329 0.2516
vn -0.9725 -0.2147 0.0900
vn -0.9867 -0.1358 0.0891
vn -0.9766 -0.2152 -0.0000
vn -0.9907 -0.1363 -0.0000
vn 0.9680 -0.2510 -0.0000
vn 0.9470 -0.3213 -0.0000
vn 0.9825 -0.1863 -0.0000
vn 0.9920 -0.1261 -0.0000
vn 0.9937 -0.0684 0.0894
vn 0.9977 -0.0684 -0.0000
vn 0.9959 -0.0127 0.0896
vn 0.9691 -0.0119 0.2464
vn 0.9668 -0.0661 0.2470
vn 0.9678 0.0413 0.2485
vn 0.8147 -0.0101 0.5798
vn 0.8119 0.0812 0.5782
vn 0.8128 0.0346 0.5816
vn 0.4443 0.0451 0.8947
vn 0.4451 0.0192 0.8953
vn 0.4395 0.0716 0.8954
vn 0.1064 0.0182 0.9942
vn 0.1095 0.0117 0.9939
vn 0.0997 0.0235 0.9947
vn -0.0605 -0.0177 0.9980
vn -0.0726 -0.0153 0.9972
vn -0.0499 -0.0197 0.9986
vn -0.3279 -0.1313 0.9356
vn -0.3538 -0.1088 0.9290
vn -0.7193 -0.2854 0.6334
vn -0.7470 -0.2288 0.6242
vn -0.8949 -0.3551 0.2702
vn -0.9215 -0.2825 0.2664
vn -0.9256 -0.3668 0.0930
vn -0.9519 -0.2922 0.0918
vn -0.9299 -0.3678 -0.0000
vn -0.9562 -0.2927 -0.0000
vn 0.9991 0.0431 -0.0000
vn 0.9910 0.0990 0.0897
vn 0.9950 0.0425 0.0902
vn 0.9999 -0.0129 -0.0000
vn 0.9950 0.0996 -0.0000
vn 0.9833 0.1580 0.0902
vn 0.9577 0.1544 0.2430
vn 0.9645 0.0963 0.2461
vn 0.9455 0.2159 0.2439
vn 0.7963 0.1815 0.5771
vn 0.8078 0.1306 0.5748
vn 0.7782 0.2375 0.5814
vn 0.4136 0.1262 0.9017
vn 0.4278 0.0975 0.8986
vn 0.3945 0.1575 0.9053
vn 0.0853 0.0344 0.9958
vn 0.0931 0.0290 0.9952
vn 0.0776 0.0410 0.9961
vn -0.0303 -0.0188 0.9994
vn -0.0387 -0.0188 0.9991
vn -0.2674 -0.1651 0.9493
vn -0.2976 -0.1476 0.9432
vn -0.6410 -0.3928 0.6594
vn -0.6839 -0.3375 0.6468
vn -0.8179 -0.5013 0.2823
vn -0.8619 -0.4258 0.2754
vn -0.8494 -0.5191 0.0953
vn -0.8930 -0.4401 0.0940
vn -0.8536 -0.5209 -0.0000
vn -0.8971 -0.4418 -0.0000
vn 0.9750 0.2224 -0.0000
vn 0.9523 0.2913 0.0912
vn 0.9709 0.2217 0.0903
vn 0.9873 0.1589 -0.0000
vn 0.9272 0.3745 -0.0000
vn 0.9236 0.3725 0.0908
vn 0.8989 0.3614 0.2477
vn 0.9264 0.2828 0.2485
vn 0.8560 0.4538 0.2475
vn 0.7171 0.3787 0.5851
vn 0.7531 0.3021 0.5844
vn 0.6612 0.4679 0.5865
vn 0.3416 0.2402 0.9086
vn 0.3723 0.1958 0.9072
vn 0.2987 0.2893 0.9094
vn 0.0596 0.0576 0.9966
vn 0.0688 0.0482 0.9965
vn -0.0187 -0.0187 0.9997
vn -0.0234 -0.0182 0.9996
vn -0.2014 -0.2047 0.9579
vn -0.2340 -0.1827 0.9549
vn -0.5147 -0.5225 0.6797
vn -0.5854 -0.4543 0.6716
vn -0.6711 -0.6803 0.2948
vn -0.7566 -0.5864 0.2893
vn -0.6997 -0.7077 0.0977
vn -0.7875 -0.6086 0.0970
vn -0.7044 -0.7098 -0.0000
vn -0.7922 -0.6102 -0.0000
vn 0.8831 0.4693 -0.0000
vn 0.8114 0.5771 0.0924
vn 0.8795 0.4671 0.0915
vn 0.8147 0.5799 -0.0000
vn 0.7117 0.6963 0.0932
vn 0.6926 0.6765 0.2505
vn 0.7898 0.5605 0.2491
vn 0.5623 0.7866 0.2551
vn 0.4689 0.6545 0.5931
vn 0.5791 0.5643 0.5885
vn 0.3398 0.7329 0.5894
vn 0.1749 0.3781 0.9091
vn 0.2413 0.3358 0.9105
vn 0.0350 0.0754 0.9965
vn 0.0482 0.0667 0.9966
vn -0.0120 -0.0247 0.9996
vn -0.0149 -0.0207 0.9997
vn -0.1666 -0.2333 0.9580
vn -0.1287 -0.2619 0.9565
vn -0.4274 -0.5960 0.6797
vn -0.4191 -0.8582 0.2962
vn -0.5580 -0.7747 0.2973
vn -0.4368 -0.8940 0.0997
vn -0.5819 -0.8072 0.0991
vn -0.4390 -0.8985 -0.0000
vn -0.5854 -0.8107 -0.0000
vn 0.4225 0.9064 -0.0000
vn 0.5784 0.8104 0.0936
vn 0.5811 0.8138 -0.0000
vn 0.7148 0.6993 -0.0000
vn 0.4205 0.9024 0.0939
vn 0.2593 0.9658 -0.0000
vn 0.2578 0.9617 0.0936
vn 0.4079 0.8777 0.2515
vn 0.2498 0.9352 0.2509
vn 0.1093 0.9896 0.0933
vn 0.1045 0.9613 0.2549
vn 0.2074 0.7807 0.5895
vn 0.0851 0.7991 0.5951
vn 0.1055 0.4016 0.9097
vn 0.0420 0.4079 0.9121
vn 0.0213 0.0810 0.9965
vn 0.0080 0.0806 0.9967
vn -0.0087 -0.0296 0.9995
vn -0.0041 -0.0355 0.9994
vn -0.0848 -0.2889 0.9536
vn -0.0377 -0.3116 0.9495
vn -0.2063 -0.7136 0.6694
vn -0.3239 -0.6633 0.6747
vn -0.0868 -0.7473 0.6588
vn -0.2645 -0.9190 0.2922
vn -0.1079 -0.9521 0.2862
vn -0.2730 -0.9569 0.0992
vn -0.1083 -0.9891 0.0993
vn -0.2730 -0.9620 -0.0000
vn -0.0138 0.9999 -0.0000
vn 0.1105 0.9939 -0.0000
vn -0.1374 0.9905 -0.0000
vn 0.1722 0.9787 0.1116
vn -0.1401 0.9857 0.0939
vn -0.1116 0.9937 -0.0000
vn -0.0146 0.9955 0.0933
vn -0.1120 0.9893 0.0932
vn -0.1144 0.9592 0.2587
vn -0.0170 0.9661 0.2577
vn -0.0166 0.7995 0.6004
vn -0.0972 0.7920 0.6027
vn -0.0094 0.4029 0.9152
vn -0.0486 0.3900 0.9195
vn -0.0023 0.0769 0.9970
vn -0.0095 0.0673 0.9977
vn 0.0011 -0.0432 0.9991
vn 0.0072 -0.0502 0.9987
vn 0.0091 -0.3300 0.9439
vn 0.0531 -0.3428 0.9379
vn 0.0261 -0.7614 0.6478
vn 0.1246 -0.7633 0.6339
vn 0.0360 -0.9596 0.2791
vn 0.1594 -0.9500 0.2686
vn 0.0405 -0.9944 0.0975
vn 0.1700 -0.9807 0.0964
vn 0.0430 -0.9991 -0.0000
vn -0.1068 -0.9943 -0.0000
vn 0.5587 -0.8293 -0.0000
vn 0.8658 -0.4926 0.0879
vn 0.8709 -0.4915 -0.0000
vn 0.9915 -0.1303 -0.0000
vn 0.9842 -0.1284 0.1221
vn 0.8596 -0.4590 0.2244
vn 0.9718 -0.0953 0.2158
vn 0.6651 -0.7468 -0.0000
vn 0.7960 -0.1547 0.5852
vn 0.9438 -0.0353 0.3286
vn 0.9454 -0.0772 0.3166
vn 0.9357 -0.0061 0.3527
vn 0.9931 0.1174 -0.0000
vn 0.8982 0.4289 0.0966
vn 0.9025 0.4307 -0.0000
vn 0.6405 0.7595 0.1140
vn 0.6369 0.7710 -0.0000
vn 0.1762 0.9844 -0.0000
vn 0.6473 0.7115 0.2733
vn 0.1647 0.9433 0.2881
vn 0.6028 0.5771 0.5510
vn 0.1216 0.7702 0.6261
vn -0.1384 0.7774 0.6136
vn -0.1477 0.9549 0.2574
vn -0.0791 0.3621 0.9288
vn 0.0827 0.3790 0.9217
vn -0.0166 0.0593 0.9981
vn 0.0827 0.0786 0.9935
vn 0.0133 -0.0565 0.9983
vn 0.0926 -0.0511 0.9944
vn 0.0910 -0.3491 0.9326
vn 0.1565 -0.3452 0.9254
vn 0.2055 -0.7552 0.6224
vn 0.2761 -0.7353 0.6189
vn 0.2587 -0.9291 0.2642
vn 0.3399 -0.9042 0.2587
vn 0.2730 -0.9573 0.0951
vn 0.3525 -0.9315 0.0895
vn 0.2748 -0.9615 -0.0000
vn 0.1730 -0.9849 -0.0000
vn 0.5753 -0.7771 0.2553
vn 0.5635 -0.8209 0.0929
vn 0.3477 -0.9376 -0.0000
vn 0.5238 -0.6265 0.5772
vn 0.8330 -0.3663 0.4147
vn 0.4399 -0.2922 0.8492
vn 0.4110 -0.0393 0.9108
vn 0.7774 -0.0203 0.6287
vn 0.4366 0.0660 0.8973
vn 0.7907 0.0367 0.6110
vn 0.5103 0.2999 0.8060
vn 0.8276 0.1550 0.5394
vn 0.9381 0.0097 0.3463
vn 0.9739 0.0853 0.2105
vn 0.8856 0.4043 0.2287
vn 0.9856 0.1141 0.1247
vn 0.8684 0.3161 0.3819
vn 0.9169 -0.3991 -0.0000
vn 0.5888 0.8036 -0.0868
vn 0.5981 0.7601 -0.2540
vn 0.4483 0.8898 -0.0851
vn 0.4294 0.8652 -0.2589
vn 0.3590 0.9291 -0.0887
vn 0.9506 -0.0724 0.3017
vn 0.9734 -0.0862 -0.2123
vn 0.8883 -0.3968 -0.2312
vn 0.9857 -0.1122 -0.1255
vn 0.8639 -0.3189 -0.3898
vn 0.9505 -0.0728 -0.3022
vn 0.9378 -0.0104 -0.3469
vn 0.8231 -0.1547 -0.5463
vn 0.9463 -0.0364 -0.3212
vn 0.8014 0.1440 -0.5805
vn 0.9360 0.0066 -0.3519
vn 0.9445 0.0325 -0.3270
vn 0.9460 0.0718 -0.3162
vn 0.8479 0.4794 -0.2264
vn 0.9717 0.0922 -0.2175
vn 0.9836 0.1338 -0.1212
vn 0.8517 0.5178 -0.0798
vn 0.9877 0.1455 -0.0578
vn 0.8285 0.3662 -0.4236
vn 0.5448 0.6037 -0.5820
vn 0.4647 0.2722 -0.8426
vn 0.3455 0.7052 -0.6191
vn 0.2696 0.7262 -0.6324
vn 0.1898 0.3381 -0.9218
vn 0.3416 0.9015 -0.2658
vn 0.1657 0.7368 -0.6555
vn 0.1165 0.3322 -0.9360
vn 0.2153 0.9360 -0.2786
vn 0.0604 0.9548 -0.2912
vn 0.0691 0.9933 -0.0925
vn 0.2292 0.9691 -0.0907
vn -0.1136 0.9891 -0.0934
vn 0.9025 -0.4202 -0.0941
vn 0.9897 -0.1280 -0.0648
vn 0.6629 -0.7402 -0.1124
vn -0.7982 0.5956 -0.0909
vn -0.8542 0.5120 -0.0906
vn -0.8227 0.4950 -0.2796
vn -0.8630 0.4246 -0.2737
vn -0.8942 0.4385 -0.0899
vn -0.9239 0.3721 -0.0891
vn -0.1864 -0.9788 -0.0845
vn -0.1964 -0.9765 -0.0883
vn 0.1774 -0.9779 -0.1111
vn -0.2053 -0.9471 -0.2468
vn 0.1630 -0.9417 -0.2944
vn 0.6569 -0.7001 -0.2801
vn 0.6015 -0.5690 -0.5607
vn 0.5205 -0.2882 -0.8037
vn 0.1169 -0.7533 -0.6473
vn 0.4454 -0.0731 -0.8924
vn 0.0880 -0.3592 -0.9291
vn 0.7899 -0.0391 -0.6120
vn 0.1031 0.0472 -0.9936
vn 0.4265 0.0352 -0.9038
vn 0.7827 0.0196 -0.6221
vn 0.0159 0.0525 -0.9985
vn 0.0893 -0.0882 -0.9921
vn 0.0080 0.0381 -0.9992
vn -0.0240 -0.0590 -0.9980
vn 0.0673 0.3136 -0.9472
vn 0.0016 0.0308 -0.9995
vn -0.0147 -0.0640 -0.9978
vn 0.0155 0.2981 -0.9544
vn -0.0369 0.2875 -0.9571
vn -0.0897 0.7255 -0.6823
vn 0.0429 0.7377 -0.6738
vn -0.2218 0.6928 -0.6861
vn -0.2907 0.9083 -0.3007
vn -0.1135 0.9476 -0.2988
vn -0.3441 0.6418 -0.6853
vn -0.4524 0.8408 -0.2973
vn -0.3030 0.9485 -0.0927
vn -0.6138 0.7840 -0.0925
vn -0.5875 0.7534 -0.2953
vn -0.4741 0.8756 -0.0924
vn -0.6910 0.6624 -0.2894
vn -0.7198 0.6881 -0.0914
vn -0.5316 0.5110 -0.6754
vn -0.5963 0.4482 -0.6660
vn -0.7674 0.5750 -0.2836
vn -0.2460 0.1864 -0.9512
vn -0.2724 0.1645 -0.9480
vn -0.6446 0.3881 -0.6587
vn -0.2985 0.1473 -0.9430
vn -0.6838 0.3360 -0.6478
vn -0.3239 0.1317 -0.9369
vn -0.7161 0.2889 -0.6354
vn -0.7433 0.2424 -0.6235
vn -0.8934 0.3609 -0.2676
vn -0.9175 0.2995 -0.2617
vn -0.9372 0.2349 -0.2580
vn -0.9473 0.3080 -0.0885
vn -0.9664 0.2413 -0.0885
vn 0.3182 -0.9439 -0.0879
vn 0.1351 -0.9869 -0.0876
vn -0.0403 -0.9954 -0.0874
vn 0.1294 -0.9594 -0.2505
vn -0.0428 -0.9677 -0.2486
vn -0.1904 -0.9504 -0.2459
vn -0.0389 -0.8037 -0.5938
vn -0.1636 -0.7866 -0.5954
vn -0.1959 -0.7683 -0.6093
vn -0.0819 -0.3824 -0.9204
vn -0.1143 -0.3496 -0.9299
vn -0.0221 -0.4038 -0.9146
vn -0.0050 -0.0742 -0.9972
vn 0.0536 -0.4126 -0.9093
vn 0.0102 -0.0820 -0.9966
vn 0.0278 -0.0823 -0.9962
vn -0.0079 0.0252 -0.9997
vn -0.0034 0.0276 -0.9996
vn 0.0439 -0.0783 -0.9960
vn -0.0125 0.0223 -0.9997
vn -0.0873 0.2730 -0.9580
vn -0.0162 0.0207 -0.9997
vn -0.1340 0.2492 -0.9591
vn -0.1747 0.2254 -0.9585
vn -0.0214 0.0210 -0.9996
vn -0.2125 0.2061 -0.9552
vn -0.4481 0.5761 -0.6837
vn 0.0658 -0.0594 -0.9961
vn 0.0725 -0.0505 -0.9961
vn -0.0271 0.0205 -0.9994
vn 0.0773 -0.0420 -0.9961
vn -0.0330 0.0198 -0.9993
vn 0.0827 -0.0355 -0.9959
vn -0.0398 0.0196 -0.9990
vn 0.0878 -0.0301 -0.9957
vn -0.0478 0.0194 -0.9987
vn 0.0902 -0.0236 -0.9956
vn -0.0569 0.0183 -0.9982
vn -0.0671 0.0161 -0.9976
vn -0.3477 0.1139 -0.9307
vn -0.3705 0.0929 -0.9242
vn -0.3908 0.0683 -0.9179
vn -0.7655 0.1917 -0.6142
vn -0.7833 0.1363 -0.6065
vn -0.7973 0.0779 -0.5985
vn -0.9523 0.1659 -0.2562
vn -0.9631 0.0946 -0.2518
vn -0.9813 0.1712 -0.0879
vn -0.9914 0.0972 -0.0874
vn 0.7349 -0.6725 -0.0876
vn 0.6276 -0.7736 -0.0877
vn 0.4875 -0.8687 -0.0877
vn 0.4756 -0.8449 -0.2451
vn 0.3093 -0.9179 -0.2486
vn 0.3991 -0.7077 -0.5831
vn 0.2582 -0.7662 -0.5885
vn 0.1351 -0.3995 -0.9067
vn 0.1058 -0.7991 -0.5918
vn 0.5141 -0.6312 -0.5807
vn 0.2094 -0.3715 -0.9045
vn 0.2702 -0.3298 -0.9045
vn 0.6005 -0.5467 -0.5836
vn 0.3145 -0.2850 -0.9055
vn 0.0566 -0.0688 -0.9960
vn 0.6635 -0.4648 -0.5862
vn 0.3456 -0.2413 -0.9068
vn 0.7103 -0.3907 -0.5855
vn 0.3686 -0.2019 -0.9074
vn 0.7456 -0.3234 -0.5827
vn 0.3889 -0.1681 -0.9058
vn 0.7702 -0.2611 -0.5820
vn 0.4043 -0.1371 -0.9043
vn 0.7844 -0.2029 -0.5862
vn 0.4115 -0.1064 -0.9052
vn 0.7934 -0.1498 -0.5900
vn 0.4187 -0.0790 -0.9047
vn 0.4283 -0.0558 -0.9019
vn 0.0939 -0.0181 -0.9954
vn 0.0994 -0.0145 -0.9949
vn 0.1043 -0.0074 -0.9945
vn -0.0766 0.0127 -0.9970
vn -0.0852 0.0080 -0.9963
vn -0.0911 0.0023 -0.9958
vn -0.4070 0.0400 -0.9125
vn -0.4202 0.0100 -0.9074
vn -0.8071 -0.0475 -0.5885
vn -0.8081 0.0182 -0.5888
vn -0.9675 -0.0562 -0.2466
vn -0.9689 0.0209 -0.2465
vn -0.9945 -0.0571 -0.0883
vn -0.9959 0.0202 -0.0882
vn 0.9134 -0.3975 -0.0881
vn 0.8713 -0.4829 -0.0877
vn 0.8138 -0.5745 -0.0874
vn 0.7926 -0.5577 -0.2466
vn 0.7159 -0.6539 -0.2449
vn 0.6117 -0.7529 -0.2428
vn 0.8487 -0.4683 -0.2457
vn 0.8896 -0.3862 -0.2439
vn 0.9433 -0.3202 -0.0878
vn 0.9185 -0.3117 -0.2432
vn 0.9642 -0.2498 -0.0885
vn 0.9380 -0.2429 -0.2473
vn 0.9786 -0.1855 -0.0892
vn 0.9509 -0.1799 -0.2520
vn 0.9880 -0.1259 -0.0896
vn 0.9600 -0.1223 -0.2519
vn 0.8115 -0.0552 -0.5817
vn 0.8020 -0.1026 -0.5884
vn 0.4401 -0.0299 -0.8974
vn 0.4452 -0.0055 -0.8954
vn 0.1082 -0.0016 -0.9941
vn 0.1093 0.0046 -0.9940
vn -0.0907 -0.0057 -0.9959
vn -0.0829 -0.0114 -0.9965
vn -0.4025 -0.0563 -0.9137
vn -0.4182 -0.0251 -0.9080
vn -0.3799 -0.0840 -0.9212
vn -0.7707 -0.1694 -0.6142
vn -0.7929 -0.1099 -0.5993
vn -0.9423 -0.2077 -0.2625
vn -0.9587 -0.1329 -0.2516
vn -0.9725 -0.2147 -0.0900
vn -0.9867 -0.1358 -0.0891
vn 0.9937 -0.0684 -0.0894
vn 0.9959 -0.0127 -0.0896
vn 0.9691 -0.0119 -0.2464
vn 0.9668 -0.0661 -0.2470
vn 0.9678 0.0413 -0.2485
vn 0.8147 -0.0101 -0.5798
vn 0.8119 0.0812 -0.5782
vn 0.8128 0.0346 -0.5816
vn 0.4443 0.0451 -0.8947
vn 0.4451 0.0192 -0.8953
vn 0.4395 0.0716 -0.8954
vn 0.1064 0.0182 -0.9942
vn 0.1095 0.0117 -0.9939
vn 0.0997 0.0235 -0.9947
vn -0.0605 -0.0177 -0.9980
vn -0.0726 -0.0153 -0.9972
vn -0.0499 -0.0197 -0.9986
vn -0.3279 -0.1313 -0.9356
vn -0.3538 -0.1088 -0.9290
vn -0.7193 -0.2854 -0.6334
vn -0.7470 -0.2288 -0.6242
vn -0.8949 -0.3551 -0.2702
vn -0.9215 -0.2825 -0.2664
vn -0.9256 -0.3668 -0.0930
vn -0.9519 -0.2922 -0.0918
vn 0.9910 0.0990 -0.0897
vn 0.9950 0.0425 -0.0902
vn 0.9833 0.1580 -0.0902
vn 0.9577 0.1544 -0.2430
vn 0.9645 0.0963 -0.2461
vn 0.9455 0.2159 -0.2439
vn 0.7963 0.1815 -0.5771
vn 0.8078 0.1306 -0.5748
vn 0.7782 0.2375 -0.5814
vn 0.4136 0.1262 -0.9017
vn 0.4278 0.0975 -0.8986
vn 0.3945 0.1575 -0.9053
vn 0.0853 0.0344 -0.9958
vn 0.0931 0.0290 -0.9952
vn 0.0776 0.0410 -0.9961
vn -0.0303 -0.0188 -0.9994
vn -0.0387 -0.0188 -0.9991
vn -0.2674 -0.1651 -0.9493
vn -0.2976 -0.1476 -0.9432
vn -0.6410 -0.3928 -0.6594
vn -0.6839 -0.3375 -0.6468
vn -0.8179 -0.5013 -0.2823
vn -0.8619 -0.4258 -0.2754
vn -0.8494 -0.5191 -0.0953
vn -0.8930 -0.4401 -0.0940
vn 0.9523 0.2913 -0.0912
vn 0.9709 0.2217 -0.0903
vn 0.9236 0.3725 -0.0908
vn 0.8989 0.3614 -0.2477
vn 0.9264 0.2828 -0.2485
vn 0.8560 0.4538 -0.2475
vn 0.7171 0.3787 -0.5851
vn 0.7531 0.3021 -0.5844
vn 0.6612 0.4679 -0.5865
vn 0.3416 0.2402 -0.9086
vn 0.3723 0.1958 -0.9072
vn 0.2987 0.2893 -0.9094
vn 0.0596 0.0576 -0.9966
vn 0.0688 0.0482 -0.9965
vn -0.0187 -0.0187 -0.9997
vn -0.0234 -0.0182 -0.9996
vn -0.2014 -0.2047 -0.9579
vn -0.2340 -0.1827 -0.9549
vn -0.5147 -0.5225 -0.6797
vn -0.5854 -0.4543 -0.6716
vn -0.6711 -0.6803 -0.2948
vn -0.7566 -0.5864 -0.2893
vn -0.6997 -0.7077 -0.0977
vn -0.7875 -0.6086 -0.0970
vn 0.8114 0.5771 -0.0924
vn 0.8795 0.4671 -0.0915
vn 0.7117 0.6963 -0.0932
vn 0.6926 0.6765 -0.2505
vn 0.7898 0.5605 -0.2491
vn 0.5623 0.7866 -0.2551
vn 0.4689 0.6545 -0.5931
vn 0.5791 0.5643 -0.5885
vn 0.3398 0.7329 -0.5894
vn 0.1749 0.3781 -0.9091
vn 0.2413 0.3358 -0.9105
vn 0.0350 0.0754 -0.9965
vn 0.0482 0.0667 -0.9966
vn -0.0120 -0.0247 -0.9996
vn -0.0149 -0.0207 -0.9997
vn -0.1666 -0.2333 -0.9580
vn -0.4274 -0.5960 -0.6797
vn -0.1287 -0.2619 -0.9565
vn -0.4191 -0.8582 -0.2962
vn -0.5580 -0.7747 -0.2973
vn -0.4368 -0.8940 -0.0997
vn -0.5819 -0.8072 -0.0991
vn 0.5784 0.8104 -0.0936
vn 0.4205 0.9024 -0.0939
vn 0.2578 0.9617 -0.0936
vn 0.4079 0.8777 -0.2515
vn 0.1093 0.9896 -0.0933
vn 0.2498 0.9352 -0.2509
vn 0.1045 0.9613 -0.2549
vn 0.2074 0.7807 -0.5895
vn 0.1055 0.4016 -0.9097
vn 0.0851 0.7991 -0.5951
vn 0.0213 0.0810 -0.9965
vn 0.0420 0.4079 -0.9121
vn -0.0087 -0.0296 -0.9995
vn 0.0080 0.0806 -0.9967
vn -0.0848 -0.2889 -0.9536
vn -0.0041 -0.0355 -0.9994
vn -0.2063 -0.7136 -0.6694
vn -0.0377 -0.3116 -0.9495
vn -0.3239 -0.6633 -0.6747
vn -0.2645 -0.9190 -0.2922
vn -0.0868 -0.7473 -0.6588
vn -0.2730 -0.9569 -0.0992
vn -0.1079 -0.9521 -0.2862
vn -0.1083 -0.9891 -0.0993
vn 0.1722 0.9787 -0.1116
vn -0.1401 0.9857 -0.0939
vn -0.0146 0.9955 -0.0933
vn -0.1120 0.9893 -0.0932
vn -0.1144 0.9592 -0.2587
vn -0.0170 0.9661 -0.2577
vn -0.0166 0.7995 -0.6004
vn -0.0094 0.4030 -0.9152
vn -0.0972 0.7920 -0.6027
vn -0.0023 0.0769 -0.9970
vn -0.0486 0.3900 -0.9195
vn 0.0011 -0.0432 -0.9991
vn -0.0095 0.0673 -0.9977
vn 0.0091 -0.3300 -0.9439
vn 0.0072 -0.0502 -0.9987
vn 0.0261 -0.7614 -0.6478
vn 0.0531 -0.3428 -0.9379
vn 0.0360 -0.9596 -0.2791
vn 0.1246 -0.7633 -0.6339
vn 0.0405 -0.9944 -0.0975
vn 0.1594 -0.9500 -0.2686
vn 0.1700 -0.9807 -0.0964
vn 0.8659 -0.4925 -0.0877
vn 0.9843 -0.1278 -0.1220
vn 0.9878 -0.1430 -0.0617
vn 0.9718 -0.0953 -0.2158
vn 0.8600 -0.4583 -0.2244
vn 0.8330 -0.3663 -0.4146
vn 0.9455 -0.0771 -0.3165
vn 0.9357 -0.0061 -0.3527
vn 0.7960 -0.1546 -0.5852
vn 0.9438 -0.0352 -0.3286
vn 0.8982 0.4289 -0.0966
vn 0.6405 0.7595 -0.1140
vn 0.6473 0.7115 -0.2733
vn 0.1647 0.9433 -0.2881
vn 0.6028 0.5771 -0.5510
vn 0.1216 0.7702 -0.6261
vn -0.1384 0.7774 -0.6136
vn -0.1477 0.9549 -0.2574
vn -0.0791 0.3621 -0.9288
vn -0.0166 0.0593 -0.9981
vn 0.0827 0.3790 -0.9217
vn 0.0133 -0.0565 -0.9983
vn 0.0827 0.0786 -0.9935
vn 0.0910 -0.3491 -0.9326
vn 0.0926 -0.0511 -0.9944
vn 0.2055 -0.7552 -0.6224
vn 0.1565 -0.3452 -0.9254
vn 0.2587 -0.9291 -0.2642
vn 0.2761 -0.7353 -0.6189
vn 0.2730 -0.9573 -0.0951
vn 0.3399 -0.9042 -0.2587
vn 0.3525 -0.9315 -0.0895
vn 0.5753 -0.7771 -0.2553
vn 0.5635 -0.8209 -0.0929
vn 0.5238 -0.6265 -0.5772
vn 0.4399 -0.2922 -0.8492
vn 0.4110 -0.0393 -0.9108
vn 0.7774 -0.0203 -0.6287
vn 0.4366 0.0660 -0.8973
vn 0.5103 0.2999 -0.8060
vn 0.7907 0.0367 -0.6110
vn 0.8277 0.1548 -0.5394
vn 0.9381 0.0097 -0.3463
vn 0.9515 0.0738 0.2985
vn 0.8855 0.4044 -0.2288
vn 0.9739 0.0855 -0.2105
vn 0.9856 0.1142 -0.1247
vn 0.8685 0.3162 -0.3817
vn 0.9468 0.0359 -0.3197
vn 0.9518 0.0733 -0.2979
vn -0.0000 1.0000 -0.0000
vn 1.0000 -0.0000 -0.0000
vn 0.9952 -0.0000 0.0980
vn 0.9808 -0.0000 -0.1951
vn 0.9952 -0.0000 -0.0980
vn 0.9239 -0.0000 -0.3827
vn 0.9569 -0.0000 -0.2903
vn 0.8577 -0.0000 -0.5141
vn 0.8819 -0.0000 -0.4714
vn 0.7071 -0.0000 -0.7071
vn 0.7730 -0.0000 -0.6344
vn 0.5556 -0.0000 -0.8315
vn 0.6344 -0.0000 -0.7730
vn 0.3827 -0.0000 -0.9239
vn 0.4714 -0.0000 -0.8819
vn 0.1951 -0.0000 -0.9808
vn 0.2903 -0.0000 -0.9569
vn 0.0980 -0.0000 -0.9952
vn -0.0980 -0.0000 -0.9952
vn -0.0000 -0.0000 -1.0000
vn -0.2903 -0.0000 -0.9569
vn -0.1951 -0.0000 -0.9808
vn -0.4714 -0.0000 -0.8819
vn -0.3827 -0.0000 -0.9239
vn -0.6344 -0.0000 -0.7730
vn -0.5556 -0.0000 -0.8315
vn -0.7730 -0.0000 -0.6344
vn -0.7071 -0.0000 -0.7071
vn -0.8819 -0.0000 -0.4714
vn -0.8315 -0.0000 -0.5556
vn -0.9569 -0.0000 -0.2903
vn -0.9239 -0.0000 -0.3827
vn -0.9952 -0.0000 -0.0980
vn -0.9808 -0.0000 -0.1951
vn -0.9952 -0.0000 0.0980
vn -1.0000 -0.0000 -0.0000
vn -0.9569 -0.0000 0.2903
vn -0.9808 -0.0000 0.1951
vn -0.8819 -0.0000 0.4714
vn -0.9239 -0.0000 0.3827
vn -0.7730 -0.0000 0.6344
vn -0.8315 -0.0000 0.5556
vn -0.6344 -0.0000 0.7730
vn -0.7071 -0.0000 0.7071
vn -0.4714 -0.0000 0.8819
vn -0.5556 -0.0000 0.8315
vn -0.2903 -0.0000 0.9569
vn -0.3827 -0.0000 0.9239
vn -0.0980 -0.0000 0.9952
vn -0.1951 -0.0000 0.9808
vn 0.0980 -0.0000 0.9952
vn -0.0000 -0.0000 1.0000
vn 0.2903 -0.0000 0.9569
vn 0.1951 -0.0000 0.9808
vn 0.3827 -0.0000 0.9239
vn 0.4714 -0.0000 0.8819
vn 0.5556 -0.0000 0.8315
vn 0.6344 -0.0000 0.7730
vn 0.7071 -0.0000 0.7071
vn 0.7730 -0.0000 0.6344
vn 0.8315 -0.0000 0.5556
vn 0.9239 -0.0000 0.3827
vn 0.8819 -0.0000 0.4714
vn 0.9569 -0.0000 0.2903
vn 0.9808 -0.0000 0.1951
vn 0.9896 0.1280 -0.0650
vn 0.8315 -0.0000 -0.5556
vn 0.0978 -0.0000 -0.9952
vn -0.0001 0.7240 -0.6898
vn -0.0002 -0.0000 -1.0000
vn -0.8383 -0.0000 -0.5451
vn -0.6236 0.7072 -0.3332
vn -0.8820 -0.0000 -0.4712
vn -0.0982 -0.0000 -0.9952
vn -0.1347 0.7240 -0.6765
vn -0.1953 -0.0000 -0.9808
vn -0.9192 -0.0000 -0.3938
vn -0.6713 0.7127 -0.2035
vn -0.9570 -0.0000 -0.2901
vn -0.2905 -0.0000 -0.9569
vn -0.2641 0.7240 -0.6372
vn -0.3828 -0.0000 -0.9238
vn -0.9831 -0.0000 -0.1828
vn -0.7037 0.7072 -0.0691
vn -0.9952 -0.0000 -0.0978
vn -0.4716 -0.0000 -0.8818
vn -0.3833 0.7240 -0.5735
vn -0.5557 -0.0000 -0.8314
vn -1.0000 -0.0000 0.0002
vn -0.7036 0.7072 0.0695
vn -0.9952 -0.0000 0.0983
vn -0.6345 -0.0000 -0.7729
vn -0.4878 0.7240 -0.4877
vn -0.7072 -0.0000 -0.7070
vn -0.9831 -0.0000 0.1832
vn -0.6712 0.7127 0.2037
vn -0.9569 -0.0000 0.2905
vn -0.7731 -0.0000 -0.6343
vn -0.5757 0.7269 -0.3744
vn -0.9238 -0.0000 0.3828
vn -0.6186 0.7127 0.3308
vn -0.8818 -0.0000 0.4716
vn 0.0982 -0.0000 0.9952
vn 0.0001 0.7240 0.6898
vn 0.0689 0.7127 0.6981
vn -0.6313 0.7269 -0.2705
vn -0.8314 -0.0000 0.5557
vn -0.5421 0.7127 0.4451
vn -0.7729 -0.0000 0.6345
vn 0.2905 -0.0000 0.9569
vn 0.1347 0.7240 0.6765
vn 0.2037 0.7127 0.6712
vn -0.6752 0.7269 -0.1256
vn -0.6343 -0.0000 0.7731
vn -0.4877 0.7240 0.4879
vn -0.4449 0.7127 0.5423
vn 0.4716 -0.0000 0.8818
vn 0.2641 0.7240 0.6372
vn 0.3308 0.7127 0.6186
vn -0.6837 0.7298 0.0002
vn -0.4712 -0.0000 0.8820
vn -0.3744 0.7269 0.5757
vn -0.3332 0.7072 0.6236
vn 0.6345 -0.0000 0.7729
vn 0.3833 0.7240 0.5735
vn 0.4451 0.7127 0.5421
vn -0.6751 0.7269 0.1258
vn -0.2901 -0.0000 0.9570
vn -0.2705 0.7269 0.6313
vn -0.2035 0.7127 0.6713
vn 0.7731 -0.0000 0.6343
vn 0.4879 0.7240 0.4877
vn 0.5423 0.7127 0.4449
vn -0.6372 0.7240 0.2641
vn -0.0978 -0.0000 0.9952
vn -0.1345 0.7240 0.6766
vn -0.0686 0.7127 0.6981
vn 0.8820 -0.0000 0.4712
vn 0.5757 0.7269 0.3744
vn 0.6236 0.7072 0.3332
vn -0.5735 0.7240 0.3833
vn 0.1953 -0.0000 0.9808
vn 0.9570 -0.0000 0.2901
vn 0.6313 0.7269 0.2705
vn 0.6713 0.7127 0.2035
vn -0.7070 -0.0000 0.7072
vn 0.3828 -0.0000 0.9238
vn 0.9952 -0.0000 0.0978
vn 0.6766 0.7240 0.1345
vn 0.6981 0.7127 0.0686
vn -0.5451 -0.0000 0.8383
vn 0.5557 -0.0000 0.8314
vn 0.9952 -0.0000 -0.0982
vn 0.6898 0.7240 -0.0001
vn 0.6981 0.7127 -0.0689
vn -0.3938 -0.0000 0.9192
vn 0.7072 -0.0000 0.7070
vn 0.9569 -0.0000 -0.2905
vn 0.6765 0.7240 -0.1347
vn 0.6712 0.7127 -0.2037
vn -0.1949 -0.0000 0.9808
vn 0.8383 -0.0000 0.5451
vn 0.8818 -0.0000 -0.4716
vn 0.6372 0.7240 -0.2641
vn 0.6186 0.7127 -0.3308
vn 0.0002 -0.0000 1.0000
vn 0.9192 -0.0000 0.3938
vn 0.7729 -0.0000 -0.6345
vn 0.5735 0.7240 -0.3833
vn 0.5421 0.7127 -0.4451
vn 0.9808 -0.0000 0.1949
vn 0.7070 -0.0000 -0.7072
vn 0.4449 0.7127 -0.5423
vn 0.6343 -0.0000 -0.7731
vn 1.0000 -0.0000 -0.0002
vn 0.5451 -0.0000 -0.8383
vn 0.3332 0.7072 -0.6236
vn 0.4712 -0.0000 -0.8820
vn 0.9808 -0.0000 -0.1953
vn 0.3938 -0.0000 -0.9192
vn 0.2035 0.7127 -0.6713
vn 0.2901 -0.0000 -0.9570
vn 0.9238 -0.0000 -0.3828
vn 0.1949 -0.0000 -0.9808
vn 0.0686 0.7127 -0.6981
vn 0.8314 -0.0000 -0.5557
vn -0.0689 0.7127 -0.6981
vn 0.4877 0.7240 -0.4878
vn -0.2037 0.7127 -0.6712
vn 0.3744 0.7269 -0.5757
vn -0.3308 0.7127 -0.6186
vn 0.2705 0.7269 -0.6313
vn -0.4451 0.7127 -0.5421
vn 0.1345 0.7240 -0.6766
vn -0.5423 0.7127 -0.4449
vn -0.0000 -1.0000 -0.0000
vn 0.9896 0.1280 0.0650
vn 0.9878 -0.1429 0.0619
vn 0.8577 -0.0000 0.5142
vn -0.6314 0.0978 0.7693
vn -0.6538 0.3809 0.6538
vn -0.7037 0.0978 0.7037
vn -0.5866 0.3809 0.7147
vn -0.5019 0.7045 0.5019
vn -0.4502 0.7045 0.5486
vn -0.2740 0.9219 0.2740
vn -0.2458 0.9219 0.2995
vn -0.0714 0.9949 0.0714
vn -0.5529 0.0978 0.8275
vn -0.5137 0.3809 0.7688
vn -0.3943 0.7045 0.5901
vn -0.2153 0.9219 0.3222
vn -0.0640 0.9949 0.0780
vn -0.4691 0.0978 0.8777
vn -0.4359 0.3809 0.8154
vn -0.3346 0.7045 0.6259
vn -0.1827 0.9219 0.3417
vn -0.0561 0.9949 0.0839
vn -0.3809 0.0978 0.9194
vn -0.3538 0.3809 0.8542
vn -0.2716 0.7045 0.6557
vn -0.1483 0.9219 0.3580
vn -0.0476 0.9949 0.0890
vn -0.2889 0.0978 0.9523
vn -0.2684 0.3809 0.8848
vn -0.2060 0.7045 0.6792
vn -0.1125 0.9219 0.3708
vn -0.0386 0.9949 0.0933
vn -0.1942 0.0978 0.9761
vn -0.1804 0.3809 0.9068
vn -0.1385 0.7045 0.6961
vn -0.0756 0.9219 0.3801
vn -0.0293 0.9949 0.0966
vn -0.0975 0.0978 0.9904
vn -0.0906 0.3809 0.9202
vn -0.0696 0.7045 0.7063
vn -0.0380 0.9219 0.3856
vn -0.0197 0.9949 0.0990
vn -0.0000 0.0978 0.9952
vn -0.0000 0.3809 0.9246
vn -0.0000 0.7045 0.7097
vn -0.0000 0.9219 0.3875
vn -0.0099 0.9949 0.1004
vn 0.0975 0.0978 0.9904
vn 0.0906 0.3809 0.9202
vn 0.0696 0.7045 0.7063
vn 0.0380 0.9219 0.3856
vn -0.0000 0.9949 0.1009
vn 0.1942 0.0978 0.9761
vn 0.1804 0.3809 0.9068
vn 0.1385 0.7045 0.6961
vn 0.0756 0.9219 0.3800
vn 0.0099 0.9949 0.1004
vn 0.2889 0.0978 0.9523
vn 0.2684 0.3809 0.8848
vn 0.2060 0.7045 0.6792
vn 0.1125 0.9219 0.3708
vn 0.0197 0.9949 0.0990
vn 0.3808 0.0978 0.9194
vn 0.3538 0.3809 0.8542
vn 0.2716 0.7045 0.6557
vn 0.1483 0.9219 0.3580
vn 0.0293 0.9949 0.0966
vn 0.4691 0.0978 0.8777
vn 0.4359 0.3809 0.8154
vn 0.3346 0.7045 0.6259
vn 0.1827 0.9219 0.3417
vn 0.0386 0.9949 0.0932
vn 0.5529 0.0978 0.8275
vn 0.5137 0.3809 0.7688
vn 0.3943 0.7045 0.5901
vn 0.2153 0.9219 0.3222
vn 0.0476 0.9949 0.0890
vn 0.6314 0.0978 0.7693
vn 0.5866 0.3809 0.7147
vn 0.4503 0.7045 0.5486
vn 0.2458 0.9219 0.2995
vn 0.0561 0.9949 0.0839
vn 0.7037 0.0978 0.7037
vn 0.6538 0.3809 0.6538
vn 0.5019 0.7045 0.5018
vn 0.2740 0.9219 0.2740
vn 0.0640 0.9949 0.0780
vn 0.7693 0.0978 0.6314
vn 0.7147 0.3809 0.5866
vn 0.5486 0.7045 0.4503
vn 0.2995 0.9219 0.2458
vn 0.0714 0.9949 0.0714
vn 0.8275 0.0978 0.5529
vn 0.7688 0.3809 0.5137
vn 0.5901 0.7045 0.3943
vn 0.3222 0.9219 0.2153
vn 0.0780 0.9949 0.0640
vn 0.8536 0.0980 0.5116
vn 0.8777 0.0978 0.4691
vn 0.8154 0.3809 0.4359
vn 0.6259 0.7045 0.3346
vn 0.3417 0.9219 0.1827
vn 0.0839 0.9949 0.0561
vn 0.9194 0.0978 0.3809
vn 0.8542 0.3809 0.3538
vn 0.6557 0.7045 0.2716
vn 0.3580 0.9219 0.1483
vn 0.0890 0.9949 0.0476
vn 0.9523 0.0978 0.2889
vn 0.8848 0.3809 0.2684
vn 0.6792 0.7045 0.2060
vn 0.3708 0.9219 0.1125
vn 0.0933 0.9949 0.0386
vn 0.9761 0.0978 0.1942
vn 0.9068 0.3809 0.1804
vn 0.6961 0.7045 0.1385
vn 0.3801 0.9219 0.0756
vn 0.0966 0.9949 0.0293
vn 0.9904 0.0978 0.0975
vn 0.9202 0.3809 0.0906
vn 0.7063 0.7045 0.0696
vn 0.3856 0.9219 0.0380
vn 0.0990 0.9949 0.0197
vn 0.9952 0.0978 -0.0000
vn 0.9246 0.3809 -0.0000
vn 0.7097 0.7045 -0.0000
vn 0.3875 0.9219 -0.0000
vn 0.1004 0.9949 0.0099
vn 0.9904 0.0978 -0.0975
vn 0.9202 0.3809 -0.0906
vn 0.7063 0.7045 -0.0696
vn 0.3856 0.9219 -0.0380
vn 0.1009 0.9949 -0.0000
vn 0.9761 0.0978 -0.1942
vn 0.9068 0.3809 -0.1804
vn 0.6961 0.7045 -0.1385
vn 0.3800 0.9219 -0.0756
vn 0.1004 0.9949 -0.0099
vn 0.9523 0.0978 -0.2889
vn 0.8848 0.3809 -0.2684
vn 0.6792 0.7045 -0.2060
vn 0.3708 0.9219 -0.1125
vn 0.0990 0.9949 -0.0197
vn 0.9194 0.0978 -0.3808
vn 0.8542 0.3809 -0.3538
vn 0.6557 0.7045 -0.2716
vn 0.3580 0.9219 -0.1483
vn 0.0966 0.9949 -0.0293
vn 0.8777 0.0978 -0.4691
vn 0.8154 0.3809 -0.4359
vn 0.6259 0.7045 -0.3346
vn 0.3417 0.9219 -0.1827
vn 0.0932 0.9949 -0.0386
vn 0.8536 0.0980 -0.5116
vn 0.8275 0.0978 -0.5529
vn 0.7688 0.3809 -0.5137
vn 0.5901 0.7045 -0.3943
vn 0.3222 0.9219 -0.2153
vn 0.0890 0.9949 -0.0476
vn 0.7693 0.0978 -0.6314
vn 0.7147 0.3809 -0.5866
vn 0.5486 0.7045 -0.4503
vn 0.2995 0.9219 -0.2458
vn 0.0839 0.9949 -0.0561
vn 0.7037 0.0978 -0.7037
vn 0.6538 0.3809 -0.6538
vn 0.5019 0.7045 -0.5019
vn 0.2740 0.9219 -0.2740
vn 0.0780 0.9949 -0.0640
vn 0.6313 0.0978 -0.7693
vn 0.5866 0.3809 -0.7147
vn 0.4502 0.7045 -0.5486
vn 0.2458 0.9219 -0.2995
vn 0.0714 0.9949 -0.0714
vn 0.5529 0.0978 -0.8275
vn 0.5137 0.3809 -0.7688
vn 0.3943 0.7045 -0.5901
vn 0.2153 0.9219 -0.3222
vn 0.0640 0.9949 -0.0780
vn 0.4691 0.0978 -0.8777
vn 0.4359 0.3809 -0.8154
vn 0.3346 0.7045 -0.6259
vn 0.1827 0.9219 -0.3417
vn 0.0561 0.9949 -0.0839
vn 0.3809 0.0978 -0.9194
vn 0.3538 0.3809 -0.8542
vn 0.2716 0.7045 -0.6557
vn 0.1483 0.9219 -0.3580
vn 0.0476 0.9949 -0.0890
vn 0.2889 0.0978 -0.9523
vn 0.2684 0.3809 -0.8848
vn 0.2060 0.7045 -0.6792
vn 0.1125 0.9219 -0.3708
vn 0.0386 0.9949 -0.0933
vn 0.1942 0.0978 -0.9761
vn 0.1804 0.3809 -0.9068
vn 0.1385 0.7045 -0.6961
vn 0.0756 0.9219 -0.3801
vn 0.0293 0.9949 -0.0966
vn 0.0975 0.0978 -0.9904
vn 0.0906 0.3809 -0.9202
vn 0.0696 0.7045 -0.7063
vn 0.0380 0.9219 -0.3856
vn 0.0197 0.9949 -0.0990
vn 0.0099 0.9949 -0.1004
vn -0.0000 0.9219 -0.3875
vn -0.0000 0.9949 -0.1009
vn -0.0000 0.7045 -0.7097
vn -0.0000 0.3809 -0.9246
vn -0.0000 0.0978 -0.9952
vn -0.0975 0.0978 -0.9904
vn -0.0906 0.3809 -0.9202
vn -0.0696 0.7045 -0.7063
vn -0.0380 0.9219 -0.3856
vn -0.1942 0.0978 -0.9761
vn -0.1804 0.3809 -0.9068
vn -0.1385 0.7045 -0.6961
vn -0.0756 0.9219 -0.3800
vn -0.0099 0.9949 -0.1004
vn -0.2889 0.0978 -0.9523
vn -0.2684 0.3809 -0.8848
vn -0.2060 0.7045 -0.6792
vn -0.1125 0.9219 -0.3708
vn -0.0197 0.9949 -0.0990
vn -0.3808 0.0978 -0.9194
vn -0.3538 0.3809 -0.8542
vn -0.2716 0.7045 -0.6557
vn -0.1483 0.9219 -0.3580
vn -0.0293 0.9949 -0.0966
vn -0.4691 0.0978 -0.8777
vn -0.4359 0.3809 -0.8154
vn -0.3346 0.7045 -0.6259
vn -0.1827 0.9219 -0.3417
vn -0.0386 0.9949 -0.0932
vn -0.5529 0.0978 -0.8275
vn -0.5137 0.3809 -0.7688
vn -0.3943 0.7045 -0.5901
vn -0.2153 0.9219 -0.3222
vn -0.0476 0.9949 -0.0890
vn -0.6314 0.0978 -0.7693
vn -0.5866 0.3809 -0.7147
vn -0.4503 0.7045 -0.5486
vn -0.2458 0.9219 -0.2995
vn -0.0561 0.9949 -0.0839
vn -0.7037 0.0978 -0.7037
vn -0.6538 0.3809 -0.6538
vn -0.5019 0.7045 -0.5019
vn -0.2740 0.9219 -0.2740
vn -0.0640 0.9949 -0.0780
vn -0.7693 0.0978 -0.6313
vn -0.7147 0.3809 -0.5866
vn -0.5486 0.7045 -0.4502
vn -0.2995 0.9219 -0.2458
vn -0.0714 0.9949 -0.0714
vn -0.8275 0.0978 -0.5529
vn -0.7688 0.3809 -0.5137
vn -0.5901 0.7045 -0.3943
vn -0.3222 0.9219 -0.2153
vn -0.0780 0.9949 -0.0640
vn -0.8777 0.0978 -0.4691
vn -0.8154 0.3809 -0.4359
vn -0.6259 0.7045 -0.3346
vn -0.3417 0.9219 -0.1827
vn -0.0839 0.9949 -0.0561
vn -0.9194 0.0978 -0.3809
vn -0.8542 0.3809 -0.3538
vn -0.6557 0.7045 -0.2716
vn -0.3580 0.9219 -0.1483
vn -0.0890 0.9949 -0.0476
vn -0.9523 0.0978 -0.2889
vn -0.8848 0.3809 -0.2684
vn -0.6792 0.7045 -0.2060
vn -0.3708 0.9219 -0.1125
vn -0.0933 0.9949 -0.0386
vn -0.9761 0.0978 -0.1942
vn -0.9068 0.3809 -0.1804
vn -0.6961 0.7045 -0.1385
vn -0.3801 0.9219 -0.0756
vn -0.0966 0.9949 -0.0293
vn -0.9904 0.0978 -0.0975
vn -0.9202 0.3809 -0.0906
vn -0.7063 0.7045 -0.0696
vn -0.3856 0.9219 -0.0380
vn -0.0990 0.9949 -0.0197
vn -0.9952 0.0978 -0.0000
vn -0.9246 0.3809 -0.0000
vn -0.7097 0.7045 -0.0000
vn -0.3875 0.9219 -0.0000
vn -0.1004 0.9949 -0.0099
vn -0.9904 0.0978 0.0975
vn -0.9202 0.3809 0.0906
vn -0.7063 0.7045 0.0696
vn -0.3856 0.9219 0.0380
vn -0.1009 0.9949 -0.0000
vn -0.9761 0.0978 0.1942
vn -0.9068 0.3809 0.1804
vn -0.6961 0.7045 0.1385
vn -0.3800 0.9219 0.0756
vn -0.1004 0.9949 0.0099
vn -0.9523 0.0978 0.2889
vn -0.8848 0.3809 0.2684
vn -0.6792 0.7045 0.2060
vn -0.3708 0.9219 0.1125
vn -0.0990 0.9949 0.0197
vn -0.9194 0.0978 0.3808
vn -0.8542 0.3809 0.3538
vn -0.6557 0.7045 0.2716
vn -0.3580 0.9219 0.1483
vn -0.0966 0.9949 0.0293
vn -0.8777 0.0978 0.4691
vn -0.8154 0.3809 0.4359
vn -0.6259 0.7045 0.3346
vn -0.3417 0.9219 0.1827
vn -0.0932 0.9949 0.0386
vn -0.8275 0.0978 0.5529
vn -0.7688 0.3809 0.5137
vn -0.5901 0.7045 0.3943
vn -0.3222 0.9219 0.2153
vn -0.0890 0.9949 0.0476
vn -0.7693 0.0978 0.6313
vn -0.7147 0.3809 0.5866
vn -0.5486 0.7045 0.4503
vn -0.2995 0.9219 0.2458
vn -0.0839 0.9949 0.0561
vn -0.0780 0.9949 0.0640
vn 0.8577 -0.0000 0.5141
vn -0.9952 0.0974 -0.0000
vn 0.9561 0.2931 -0.0000
vn 0.9469 0.0361 0.3195
vt 0.284221 0.173675
vt 0.282234 0.168999
vt 0.285696 0.172209
vt 0.287750 0.170280
vt 0.284239 0.166646
vt 0.278749 0.166311
vt 0.281101 0.163484
vt 0.287558 0.163091
vt 0.290998 0.167384
vt 0.295181 0.163993
vt 0.299450 0.160989
vt 0.291764 0.159295
vt 0.293630 0.151904
vt 0.298401 0.148644
vt 0.300772 0.152923
vt 0.260129 0.139489
vt 0.260700 0.142804
vt 0.258809 0.140402
vt 0.262329 0.143148
vt 0.263208 0.147291
vt 0.284795 0.159594
vt 0.280501 0.154377
vt 0.284897 0.149733
vt 0.286932 0.152573
vt 0.278790 0.161153
vt 0.282599 0.156891
vt 0.291579 0.148689
vt 0.266474 0.150036
vt 0.267426 0.154371
vt 0.265243 0.150627
vt 0.280930 0.170564
vt 0.269450 0.158202
vt 0.272605 0.161722
vt 0.271309 0.162433
vt 0.274917 0.165138
vt 0.273583 0.166191
vt 0.272652 0.164107
vt 0.277517 0.167917
vt 0.277789 0.170031
vt 0.268632 0.153615
vt 0.264405 0.146622
vt 0.279677 0.171988
vt 0.282885 0.175097
vt 0.276184 0.163918
vt 0.274126 0.160813
vt 0.276624 0.158822
vt 0.289100 0.155588
vt 0.296184 0.155894
vt 0.303762 0.158421
vt 0.256218 0.136701
vt 0.257699 0.135801
vt 0.261464 0.138632
vt 0.323156 0.151314
vt 0.327388 0.143727
vt 0.328703 0.150148
vt 0.333445 0.142678
vt 0.334524 0.149161
vt 0.332503 0.137642
vt 0.338923 0.136714
vt 0.339707 0.141806
vt 0.340591 0.148323
vt 0.346154 0.141108
vt 0.346874 0.147608
vt 0.263632 0.131524
vt 0.271691 0.131719
vt 0.266420 0.135436
vt 0.262955 0.137710
vt 0.260325 0.134073
vt 0.268895 0.139171
vt 0.265319 0.141573
vt 0.263680 0.142442
vt 0.265675 0.145993
vt 0.267374 0.145066
vt 0.267696 0.149385
vt 0.269475 0.148255
vt 0.269942 0.152803
vt 0.274313 0.155532
vt 0.272228 0.156906
vt 0.270751 0.157604
vt 0.271791 0.151535
vt 0.278205 0.151518
vt 0.275594 0.148014
vt 0.282616 0.146570
vt 0.280058 0.143106
vt 0.287381 0.142199
vt 0.289607 0.145621
vt 0.294685 0.142061
vt 0.296523 0.145301
vt 0.301753 0.142370
vt 0.303463 0.145893
vt 0.307270 0.139911
vt 0.308807 0.143632
vt 0.305608 0.150429
vt 0.312934 0.154311
vt 0.308204 0.156223
vt 0.315993 0.146491
vt 0.317897 0.152691
vt 0.310668 0.148279
vt 0.314390 0.141702
vt 0.320219 0.140103
vt 0.321571 0.144992
vt 0.319080 0.136161
vt 0.325312 0.134792
vt 0.326263 0.138771
vt 0.324403 0.131144
vt 0.330946 0.129970
vt 0.331709 0.133634
vt 0.337616 0.129031
vt 0.338257 0.132679
vt 0.344405 0.128248
vt 0.344942 0.131883
vt 0.345495 0.135916
vt 0.351750 0.131207
vt 0.352204 0.135247
vt 0.352744 0.140514
vt 0.359031 0.134686
vt 0.359460 0.140010
vt 0.353331 0.147004
vt 0.280977 0.118846
vt 0.290343 0.119669
vt 0.283736 0.123414
vt 0.274538 0.123128
vt 0.277551 0.127516
vt 0.268650 0.127528
vt 0.285797 0.126844
vt 0.279805 0.130841
vt 0.274142 0.135137
vt 0.281511 0.133381
vt 0.276084 0.137793
vt 0.271162 0.142302
vt 0.277893 0.140223
vt 0.273244 0.144911
vt 0.283074 0.135778
vt 0.284983 0.138597
vt 0.288686 0.131750
vt 0.290343 0.134586
vt 0.296163 0.131170
vt 0.298131 0.135102
vt 0.292569 0.138391
vt 0.302375 0.128362
vt 0.304079 0.132414
vt 0.300089 0.138999
vt 0.305774 0.136369
vt 0.310326 0.130236
vt 0.311759 0.134221
vt 0.316787 0.128511
vt 0.317990 0.132526
vt 0.313045 0.137835
vt 0.315593 0.124353
vt 0.322409 0.122919
vt 0.323394 0.127085
vt 0.329314 0.121808
vt 0.330114 0.125963
vt 0.336285 0.120907
vt 0.336935 0.125065
vt 0.343319 0.120178
vt 0.343839 0.124315
vt 0.350445 0.119632
vt 0.350837 0.123671
vt 0.351302 0.127569
vt 0.357963 0.123183
vt 0.358316 0.126998
vt 0.358669 0.130617
vt 0.365430 0.126557
vt 0.365687 0.130159
vt 0.365949 0.134203
vt 0.372781 0.129864
vt 0.372943 0.133910
vt 0.366268 0.139669
vt 0.373140 0.139413
vt 0.366593 0.146120
vt 0.359914 0.146507
vt 0.302658 0.108442
vt 0.311823 0.111277
vt 0.304498 0.113619
vt 0.295158 0.111415
vt 0.297298 0.116391
vt 0.287887 0.114898
vt 0.298861 0.120033
vt 0.292159 0.123207
vt 0.300037 0.122801
vt 0.293492 0.125828
vt 0.294721 0.128270
vt 0.287303 0.129380
vt 0.301117 0.125362
vt 0.306857 0.120309
vt 0.307815 0.122997
vt 0.313858 0.118306
vt 0.314684 0.121108
vt 0.308890 0.126145
vt 0.320988 0.116692
vt 0.321660 0.119608
vt 0.328154 0.115389
vt 0.328703 0.118408
vt 0.335351 0.114346
vt 0.335788 0.117427
vt 0.342602 0.113542
vt 0.342938 0.116670
vt 0.349907 0.112959
vt 0.350165 0.116143
vt 0.357270 0.112533
vt 0.357451 0.115732
vt 0.357662 0.119211
vt 0.364818 0.115403
vt 0.364961 0.118841
vt 0.365176 0.122805
vt 0.372334 0.118575
vt 0.372468 0.122554
vt 0.372621 0.126263
vt 0.379807 0.122416
vt 0.379865 0.126133
vt 0.387080 0.129729
vt 0.379923 0.129752
vt 0.387027 0.133825
vt 0.379980 0.133837
vt 0.386962 0.139180
vt 0.380046 0.139199
vt 0.386886 0.145692
vt 0.380110 0.145706
vt 0.325640 0.102234
vt 0.334178 0.106516
vt 0.326707 0.107795
vt 0.317940 0.103913
vt 0.319232 0.109359
vt 0.310276 0.105960
vt 0.320234 0.113568
vt 0.312986 0.115284
vt 0.305828 0.117380
vt 0.327544 0.112133
vt 0.334855 0.110975
vt 0.341663 0.105503
vt 0.342209 0.110104
vt 0.349183 0.104704
vt 0.349609 0.109512
vt 0.356723 0.104112
vt 0.357056 0.109106
vt 0.364303 0.103682
vt 0.364540 0.108736
vt 0.372163 0.111908
vt 0.364692 0.112190
vt 0.372243 0.115140
vt 0.379712 0.114986
vt 0.379753 0.118404
vt 0.387197 0.118317
vt 0.387172 0.122360
vt 0.394529 0.122411
vt 0.394381 0.126152
vt 0.387127 0.126098
vt 0.401592 0.126379
vt 0.401318 0.130001
vt 0.394223 0.129789
vt 0.401042 0.134020
vt 0.394059 0.133886
vt 0.400690 0.139583
vt 0.393857 0.139288
vt 0.400295 0.146074
vt 0.393616 0.145814
vt 0.348651 0.098948
vt 0.340984 0.099797
vt 0.356336 0.098298
vt 0.364034 0.097818
vt 0.371917 0.103409
vt 0.371755 0.097490
vt 0.379554 0.103220
vt 0.379626 0.108229
vt 0.372065 0.108394
vt 0.387204 0.108204
vt 0.379674 0.111753
vt 0.394740 0.111695
vt 0.387205 0.111715
vt 0.394698 0.114917
vt 0.387204 0.114924
vt 0.402171 0.115007
vt 0.402058 0.118459
vt 0.394642 0.118334
vt 0.409417 0.118722
vt 0.409111 0.122848
vt 0.401853 0.122568
vt 0.416265 0.123335
vt 0.415740 0.127356
vt 0.408723 0.126778
vt 0.415228 0.131032
vt 0.408330 0.130423
vt 0.414699 0.135144
vt 0.407927 0.134508
vt 0.414077 0.140387
vt 0.407443 0.139886
vt 0.413339 0.147011
vt 0.406882 0.146473
vt 0.387246 0.097241
vt 0.394871 0.103199
vt 0.387209 0.103124
vt 0.379492 0.097300
vt 0.395009 0.097315
vt 0.402535 0.103422
vt 0.402372 0.108263
vt 0.394790 0.108201
vt 0.409936 0.108528
vt 0.409752 0.112013
vt 0.402262 0.111773
vt 0.417206 0.112400
vt 0.416975 0.115559
vt 0.409598 0.115220
vt 0.424284 0.116082
vt 0.423900 0.119592
vt 0.416704 0.119078
vt 0.431019 0.120303
vt 0.430245 0.124706
vt 0.423326 0.123900
vt 0.429407 0.128897
vt 0.422641 0.128043
vt 0.428625 0.132666
vt 0.422000 0.131759
vt 0.427811 0.136804
vt 0.421333 0.135916
vt 0.426855 0.141917
vt 0.420558 0.141074
vt 0.425712 0.148520
vt 0.419636 0.147691
vt 0.410560 0.097912
vt 0.417871 0.104234
vt 0.410207 0.103752
vt 0.402772 0.097532
vt 0.426265 0.099302
vt 0.425553 0.105052
vt 0.425014 0.109591
vt 0.417476 0.109025
vt 0.432580 0.110449
vt 0.432028 0.113763
vt 0.424629 0.112964
vt 0.439424 0.114910
vt 0.438771 0.117864
vt 0.431559 0.116811
vt 0.445893 0.119359
vt 0.444970 0.122723
vt 0.438042 0.121331
vt 0.443729 0.127113
vt 0.437057 0.125758
vt 0.442486 0.131354
vt 0.436035 0.129949
vt 0.441374 0.135160
vt 0.435090 0.133770
vt 0.440209 0.139251
vt 0.434109 0.137901
vt 0.438812 0.144272
vt 0.432949 0.142965
vt 0.437123 0.150728
vt 0.431542 0.149521
vt 0.434246 0.100432
vt 0.441020 0.107544
vt 0.433297 0.106132
vt 0.442251 0.101951
vt 0.448699 0.109432
vt 0.447577 0.113414
vt 0.440115 0.111703
vt 0.454887 0.115740
vt 0.453845 0.118676
vt 0.446707 0.116514
vt 0.460776 0.121384
vt 0.459631 0.124039
vt 0.452871 0.121411
vt 0.458272 0.127167
vt 0.451727 0.124637
vt 0.456488 0.131358
vt 0.450213 0.128931
vt 0.448746 0.133191
vt 0.454799 0.135496
vt 0.447460 0.136944
vt 0.451797 0.142994
vt 0.446101 0.140934
vt 0.449901 0.147778
vt 0.444463 0.145843
vt 0.447543 0.153897
vt 0.442450 0.152176
vt 0.465929 0.109616
vt 0.456292 0.111794
vt 0.458190 0.106501
vt 0.450253 0.103949
vt 0.463654 0.114781
vt 0.473338 0.113227
vt 0.470736 0.118213
vt 0.462030 0.118498
vt 0.468863 0.121838
vt 0.477480 0.121999
vt 0.475317 0.125684
vt 0.467409 0.124669
vt 0.473723 0.128435
vt 0.466091 0.127292
vt 0.472260 0.131018
vt 0.464553 0.130289
vt 0.470537 0.133987
vt 0.462546 0.134342
vt 0.468334 0.137847
vt 0.460654 0.138301
vt 0.466275 0.141586
vt 0.459019 0.141795
vt 0.453334 0.139164
vt 0.464485 0.144901
vt 0.457284 0.145482
vt 0.462566 0.148426
vt 0.455139 0.150078
vt 0.460216 0.152761
vt 0.452450 0.155927
vt 0.486925 0.121423
vt 0.480337 0.117207
vt 0.498492 0.129641
vt 0.499726 0.136620
vt 0.495461 0.134000
vt 0.493017 0.125659
vt 0.483866 0.126087
vt 0.489888 0.130209
vt 0.487343 0.133990
vt 0.481483 0.129792
vt 0.479749 0.132538
vt 0.485441 0.136792
vt 0.478127 0.135080
vt 0.483695 0.139377
vt 0.476226 0.138055
vt 0.481569 0.142496
vt 0.473811 0.141869
vt 0.479006 0.146221
vt 0.471650 0.145338
vt 0.476764 0.149477
vt 0.469741 0.148424
vt 0.474766 0.152370
vt 0.467668 0.151769
vt 0.472571 0.155543
vt 0.465133 0.155855
vt 0.469937 0.159357
vt 0.461883 0.161039
vt 0.457216 0.158301
vt 0.476702 0.172396
vt 0.481376 0.170427
vt 0.478147 0.173746
vt 0.479500 0.175097
vt 0.484616 0.169568
vt 0.484785 0.167471
vt 0.555044 0.089463
vt 0.554822 0.186326
vt 0.547915 0.188395
vt 0.258998 0.134981
vt 0.488915 0.165569
vt 0.489974 0.161031
vt 0.491335 0.161895
vt 0.489935 0.163454
vt 0.493333 0.157788
vt 0.507095 0.135241
vt 0.502952 0.138448
vt 0.505441 0.134310
vt 0.501472 0.137586
vt 0.504006 0.133466
vt 0.502453 0.132472
vt 0.499322 0.141750
vt 0.497352 0.140800
vt 0.497502 0.145394
vt 0.495339 0.144245
vt 0.490715 0.141064
vt 0.492846 0.137953
vt 0.488777 0.143821
vt 0.493222 0.147369
vt 0.486518 0.147161
vt 0.490765 0.150784
vt 0.483954 0.150911
vt 0.488181 0.154869
vt 0.481634 0.153941
vt 0.485924 0.158152
vt 0.479520 0.156623
vt 0.483754 0.160717
vt 0.477289 0.159548
vt 0.481255 0.163453
vt 0.474517 0.163245
vt 0.478081 0.166900
vt 0.471092 0.167672
vt 0.466513 0.164174
vt 0.483518 0.165962
vt 0.479981 0.168945
vt 0.474590 0.170566
vt 0.486317 0.163208
vt 0.487571 0.164404
vt 0.488404 0.160055
vt 0.490395 0.156325
vt 0.491962 0.157122
vt 0.492915 0.152268
vt 0.494302 0.153151
vt 0.495392 0.148785
vt 0.496685 0.149531
vt 0.495540 0.153968
vt 0.500018 0.146766
vt 0.500789 0.142458
vt 0.502571 0.141855
vt 0.498803 0.146054
vt 0.333324 0.100877
vt 0.481078 0.168997
vt 0.479091 0.173674
vt 0.477615 0.172208
vt 0.475561 0.170279
vt 0.484563 0.166309
vt 0.479073 0.166644
vt 0.482210 0.163481
vt 0.475752 0.163089
vt 0.472312 0.167383
vt 0.468128 0.163991
vt 0.264793 0.149327
vt 0.500104 0.147286
vt 0.500984 0.143141
vt 0.502613 0.142797
vt 0.498908 0.146615
vt 0.498510 0.149325
vt 0.495887 0.154366
vt 0.496839 0.150030
vt 0.498070 0.150621
vt 0.490708 0.161720
vt 0.493863 0.158198
vt 0.492004 0.162430
vt 0.490660 0.164102
vt 0.485795 0.167915
vt 0.489729 0.166190
vt 0.485518 0.170020
vt 0.482382 0.170563
vt 0.483636 0.171986
vt 0.480427 0.175097
vt 0.488395 0.165136
vt 0.487128 0.163916
vt 0.489186 0.160810
vt 0.484522 0.161150
vt 0.480712 0.156888
vt 0.486688 0.158819
vt 0.478516 0.159591
vt 0.476378 0.152569
vt 0.482810 0.154373
vt 0.474210 0.155584
vt 0.469679 0.151901
vt 0.467125 0.155891
vt 0.471546 0.159292
vt 0.462536 0.152920
vt 0.459547 0.158419
vt 0.463859 0.160987
vt 0.503184 0.139482
vt 0.507095 0.136692
vt 0.504504 0.140394
vt 0.501849 0.138625
vt 0.505614 0.135793
vt 0.435918 0.143724
vt 0.440150 0.151311
vt 0.434602 0.150146
vt 0.429860 0.142676
vt 0.428781 0.149159
vt 0.430802 0.137639
vt 0.424382 0.136711
vt 0.423598 0.141804
vt 0.417151 0.141106
vt 0.422714 0.148321
vt 0.416431 0.147607
vt 0.491620 0.131711
vt 0.499679 0.131515
vt 0.496891 0.135429
vt 0.500358 0.137702
vt 0.502988 0.134065
vt 0.494417 0.139164
vt 0.497993 0.141566
vt 0.499632 0.142435
vt 0.497638 0.145987
vt 0.495617 0.149380
vt 0.495939 0.145060
vt 0.493371 0.152798
vt 0.493837 0.148249
vt 0.494681 0.153610
vt 0.488999 0.155528
vt 0.491085 0.156902
vt 0.492562 0.157600
vt 0.485106 0.151514
vt 0.491522 0.151530
vt 0.480695 0.146565
vt 0.487718 0.148008
vt 0.478414 0.149729
vt 0.475928 0.142194
vt 0.483252 0.143100
vt 0.473702 0.145616
vt 0.468623 0.142057
vt 0.466785 0.145297
vt 0.471730 0.148685
vt 0.461555 0.142365
vt 0.459845 0.145889
vt 0.464907 0.148641
vt 0.456037 0.139907
vt 0.454500 0.143629
vt 0.457699 0.150426
vt 0.450373 0.154308
vt 0.455104 0.156221
vt 0.447314 0.146488
vt 0.445409 0.152689
vt 0.448916 0.141699
vt 0.452640 0.148276
vt 0.443087 0.140100
vt 0.441735 0.144989
vt 0.444226 0.136157
vt 0.437993 0.134788
vt 0.437043 0.138768
vt 0.438902 0.131140
vt 0.432359 0.129967
vt 0.431595 0.133630
vt 0.425688 0.129028
vt 0.425047 0.132677
vt 0.418899 0.128245
vt 0.418361 0.131881
vt 0.411553 0.131205
vt 0.417809 0.135914
vt 0.411100 0.135245
vt 0.404273 0.134685
vt 0.410560 0.140512
vt 0.403844 0.140009
vt 0.409973 0.147003
vt 0.472965 0.119662
vt 0.482332 0.118838
vt 0.479572 0.123406
vt 0.488771 0.123120
vt 0.494660 0.127519
vt 0.485759 0.127508
vt 0.477512 0.126837
vt 0.483505 0.130834
vt 0.489169 0.135130
vt 0.481798 0.133374
vt 0.487227 0.137786
vt 0.492149 0.142296
vt 0.485417 0.140217
vt 0.490068 0.144906
vt 0.480235 0.135772
vt 0.478326 0.138591
vt 0.474623 0.131744
vt 0.472965 0.134580
vt 0.467144 0.131164
vt 0.465177 0.135097
vt 0.470739 0.138386
vt 0.460931 0.128357
vt 0.459228 0.132409
vt 0.463219 0.138994
vt 0.452980 0.130232
vt 0.457533 0.136365
vt 0.451548 0.134217
vt 0.446518 0.128506
vt 0.445316 0.132522
vt 0.450261 0.137831
vt 0.447712 0.124348
vt 0.440896 0.122915
vt 0.439911 0.127080
vt 0.433990 0.121804
vt 0.433191 0.125959
vt 0.427018 0.120903
vt 0.426369 0.125062
vt 0.419984 0.120175
vt 0.419465 0.124312
vt 0.412858 0.119630
vt 0.412466 0.123668
vt 0.405340 0.123181
vt 0.412001 0.127566
vt 0.404987 0.126996
vt 0.397873 0.126556
vt 0.404634 0.130616
vt 0.397616 0.130158
vt 0.390522 0.129863
vt 0.397354 0.134202
vt 0.390360 0.133909
vt 0.397035 0.139668
vt 0.396711 0.146119
vt 0.390164 0.139412
vt 0.403390 0.146506
vt 0.451482 0.111271
vt 0.460647 0.108435
vt 0.458808 0.113612
vt 0.468148 0.111407
vt 0.475419 0.114890
vt 0.466008 0.116384
vt 0.464445 0.120026
vt 0.471149 0.123200
vt 0.463270 0.122794
vt 0.469816 0.125821
vt 0.468587 0.128264
vt 0.476005 0.129373
vt 0.456449 0.120303
vt 0.462189 0.125356
vt 0.455491 0.122991
vt 0.449447 0.118300
vt 0.448621 0.121103
vt 0.454416 0.126139
vt 0.442316 0.116687
vt 0.441644 0.119604
vt 0.435150 0.115385
vt 0.434601 0.118403
vt 0.427952 0.114342
vt 0.427515 0.117424
vt 0.420701 0.113539
vt 0.420365 0.116667
vt 0.413396 0.112956
vt 0.413137 0.116141
vt 0.406032 0.112531
vt 0.405851 0.115729
vt 0.398484 0.115402
vt 0.405640 0.119209
vt 0.398342 0.118840
vt 0.390968 0.118574
vt 0.398126 0.122804
vt 0.390834 0.122553
vt 0.383496 0.122416
vt 0.390682 0.126262
vt 0.383438 0.126132
vt 0.376223 0.129729
vt 0.383380 0.129751
vt 0.376276 0.133825
vt 0.383323 0.133836
vt 0.376341 0.139180
vt 0.383257 0.139199
vt 0.376418 0.145692
vt 0.383194 0.145705
vt 0.429124 0.106511
vt 0.437663 0.102229
vt 0.436596 0.107789
vt 0.445363 0.103906
vt 0.453028 0.105953
vt 0.444072 0.109354
vt 0.443070 0.113562
vt 0.450318 0.115278
vt 0.457478 0.117374
vt 0.435759 0.112128
vt 0.428448 0.110971
vt 0.421639 0.105499
vt 0.421094 0.110100
vt 0.414119 0.104701
vt 0.413693 0.109509
vt 0.406578 0.104110
vt 0.406246 0.109103
vt 0.398998 0.103680
vt 0.398761 0.108734
vt 0.391138 0.111907
vt 0.398610 0.112188
vt 0.391059 0.115139
vt 0.383590 0.114986
vt 0.383549 0.118404
vt 0.376105 0.118317
vt 0.376131 0.122360
vt 0.368774 0.122411
vt 0.368922 0.126153
vt 0.376175 0.126099
vt 0.361711 0.126380
vt 0.361985 0.130002
vt 0.369080 0.129789
vt 0.362262 0.134021
vt 0.369244 0.133886
vt 0.362614 0.139583
vt 0.369446 0.139289
vt 0.363009 0.146074
vt 0.369688 0.145814
vt 0.414650 0.098945
vt 0.422317 0.099793
vt 0.406965 0.098295
vt 0.391384 0.103408
vt 0.399266 0.097816
vt 0.383747 0.103219
vt 0.391545 0.097489
vt 0.383676 0.108228
vt 0.391237 0.108393
vt 0.376097 0.108205
vt 0.383628 0.111753
vt 0.368562 0.111696
vt 0.376097 0.111715
vt 0.368604 0.114917
vt 0.376098 0.114925
vt 0.361131 0.115008
vt 0.361245 0.118460
vt 0.368660 0.118335
vt 0.353886 0.118723
vt 0.354191 0.122849
vt 0.361450 0.122569
vt 0.347038 0.123337
vt 0.347563 0.127358
vt 0.354580 0.126779
vt 0.348076 0.131033
vt 0.354973 0.130425
vt 0.348605 0.135145
vt 0.355377 0.134510
vt 0.349227 0.140389
vt 0.355861 0.139887
vt 0.349966 0.147012
vt 0.356422 0.146473
vt 0.368430 0.103200
vt 0.376054 0.097241
vt 0.376092 0.103124
vt 0.383808 0.097299
vt 0.360767 0.103424
vt 0.368292 0.097316
vt 0.360930 0.108265
vt 0.368512 0.108201
vt 0.353366 0.108530
vt 0.353551 0.112015
vt 0.361040 0.111775
vt 0.346097 0.112403
vt 0.346328 0.115562
vt 0.353704 0.115222
vt 0.339019 0.116085
vt 0.339403 0.119595
vt 0.346599 0.119080
vt 0.332285 0.120306
vt 0.333059 0.124709
vt 0.339978 0.123903
vt 0.333897 0.128900
vt 0.340663 0.128045
vt 0.334680 0.132669
vt 0.341304 0.131761
vt 0.335493 0.136806
vt 0.341972 0.135918
vt 0.336450 0.141919
vt 0.342746 0.141076
vt 0.337593 0.148521
vt 0.343669 0.147692
vt 0.345431 0.104237
vt 0.352741 0.097914
vt 0.353095 0.103755
vt 0.360529 0.097534
vt 0.337037 0.099306
vt 0.337749 0.105055
vt 0.338289 0.109594
vt 0.345826 0.109028
vt 0.330723 0.110453
vt 0.331276 0.113767
vt 0.338674 0.112967
vt 0.323880 0.114914
vt 0.324533 0.117868
vt 0.331744 0.116815
vt 0.317412 0.119363
vt 0.318335 0.122728
vt 0.325262 0.121335
vt 0.319576 0.127116
vt 0.326248 0.125762
vt 0.320820 0.131357
vt 0.327270 0.129952
vt 0.321931 0.135163
vt 0.328215 0.133772
vt 0.323097 0.139254
vt 0.329196 0.137903
vt 0.324494 0.144274
vt 0.330356 0.142967
vt 0.326183 0.150730
vt 0.331763 0.149523
vt 0.322283 0.107549
vt 0.329056 0.100437
vt 0.330006 0.106136
vt 0.314605 0.109437
vt 0.321051 0.101956
vt 0.315728 0.113419
vt 0.323189 0.111707
vt 0.308418 0.115745
vt 0.309460 0.118682
vt 0.316597 0.116518
vt 0.302530 0.121389
vt 0.303675 0.124045
vt 0.310434 0.121416
vt 0.305034 0.127172
vt 0.311578 0.124642
vt 0.306819 0.131363
vt 0.313093 0.128935
vt 0.314560 0.133195
vt 0.315845 0.136948
vt 0.308508 0.135500
vt 0.311510 0.142997
vt 0.317205 0.140937
vt 0.313406 0.147781
vt 0.318843 0.145846
vt 0.315764 0.153899
vt 0.320856 0.152178
vt 0.307013 0.111800
vt 0.297377 0.109623
vt 0.305115 0.106507
vt 0.313051 0.103955
vt 0.289969 0.113235
vt 0.299652 0.114788
vt 0.292571 0.118219
vt 0.301276 0.118504
vt 0.285828 0.122006
vt 0.294443 0.121844
vt 0.287991 0.125690
vt 0.295898 0.124674
vt 0.297216 0.127297
vt 0.289585 0.128441
vt 0.298755 0.130294
vt 0.291048 0.131023
vt 0.300761 0.134346
vt 0.292771 0.133992
vt 0.302653 0.138305
vt 0.294974 0.137851
vt 0.304289 0.141798
vt 0.297033 0.141590
vt 0.309973 0.139168
vt 0.306023 0.145485
vt 0.298823 0.144905
vt 0.308168 0.150081
vt 0.300742 0.148429
vt 0.310857 0.155929
vt 0.303092 0.152763
vt 0.276384 0.121431
vt 0.282971 0.117214
vt 0.263586 0.136627
vt 0.264819 0.129649
vt 0.267851 0.134007
vt 0.270293 0.125667
vt 0.279443 0.126094
vt 0.273422 0.130216
vt 0.275967 0.133997
vt 0.281826 0.129799
vt 0.283561 0.132544
vt 0.285182 0.135085
vt 0.277870 0.136797
vt 0.287084 0.138059
vt 0.279616 0.139382
vt 0.289499 0.141873
vt 0.281741 0.142501
vt 0.291659 0.145342
vt 0.284304 0.146225
vt 0.293568 0.148427
vt 0.286545 0.149480
vt 0.295641 0.151772
vt 0.288544 0.152373
vt 0.298176 0.155858
vt 0.290738 0.155545
vt 0.301425 0.161040
vt 0.293372 0.159359
vt 0.306092 0.158302
vt 0.281936 0.170428
vt 0.286609 0.172396
vt 0.285165 0.173746
vt 0.283813 0.175097
vt 0.278691 0.169577
vt 0.280620 0.171753
vt 0.274397 0.165570
vt 0.278526 0.167473
vt 0.275741 0.164406
vt 0.273377 0.163457
vt 0.269980 0.157791
vt 0.273339 0.161033
vt 0.271978 0.161897
vt 0.260361 0.138455
vt 0.256218 0.135249
vt 0.257872 0.134318
vt 0.261841 0.137594
vt 0.259306 0.133474
vt 0.260860 0.132480
vt 0.263991 0.141756
vt 0.265960 0.140806
vt 0.265811 0.145399
vt 0.267973 0.144250
vt 0.272596 0.141070
vt 0.270465 0.137960
vt 0.274534 0.143826
vt 0.276793 0.147166
vt 0.270090 0.147374
vt 0.279357 0.150915
vt 0.272547 0.150789
vt 0.281677 0.153944
vt 0.275131 0.154872
vt 0.283790 0.156626
vt 0.277388 0.158154
vt 0.286021 0.159550
vt 0.279558 0.160720
vt 0.288794 0.163246
vt 0.282056 0.163454
vt 0.292218 0.167672
vt 0.285230 0.166901
vt 0.296796 0.164175
vt 0.279793 0.165964
vt 0.283331 0.168946
vt 0.288721 0.170567
vt 0.276995 0.163210
vt 0.274908 0.160058
vt 0.272917 0.156328
vt 0.271351 0.157125
vt 0.270397 0.152273
vt 0.267920 0.148790
vt 0.269011 0.153156
vt 0.266628 0.149536
vt 0.267773 0.153973
vt 0.498430 0.148778
vt 0.262524 0.142464
vt 0.263294 0.146771
vt 0.260743 0.141861
vt 0.264509 0.146060
vt 0.265375 0.150195
vt 0.264869 0.148778
vt 0.429978 0.100872
vt 0.132377 0.189179
vt 0.126756 0.185620
vt 0.164451 0.129194
vt 0.563825 0.033648
vt 0.555138 0.049759
vt 0.555172 0.033630
vt 0.031814 0.036211
vt 0.023386 0.052133
vt 0.023298 0.036258
vt 0.048847 0.036116
vt 0.040419 0.052038
vt 0.040330 0.036163
vt 0.059921 0.036055
vt 0.057451 0.051943
vt 0.057363 0.036069
vt 0.082911 0.035926
vt 0.074484 0.051849
vt 0.074394 0.035974
vt 0.099943 0.035828
vt 0.091517 0.051753
vt 0.091427 0.035877
vt 0.116976 0.035728
vt 0.108552 0.051655
vt 0.108460 0.035779
vt 0.134012 0.035626
vt 0.125589 0.051556
vt 0.125494 0.035677
vt 0.142531 0.035573
vt 0.134108 0.051505
vt 0.219038 0.627754
vt 0.200316 1.000000
vt 0.200316 0.627754
vt 0.256482 0.627754
vt 0.237760 1.000000
vt 0.237760 0.627754
vt 0.293926 0.627754
vt 0.275204 1.000000
vt 0.275204 0.627754
vt 0.331370 0.627754
vt 0.312648 1.000000
vt 0.312648 0.627754
vt 0.368813 0.627754
vt 0.350091 1.000000
vt 0.350091 0.627754
vt 0.406257 0.627754
vt 0.387535 1.000000
vt 0.387535 0.627754
vt 0.443701 0.627754
vt 0.424979 1.000000
vt 0.424979 0.627754
vt 0.481144 0.627754
vt 0.462423 1.000000
vt 0.462423 0.627754
vt 0.518588 0.627754
vt 0.499866 1.000000
vt 0.499866 0.627754
vt 0.556032 0.627754
vt 0.537310 1.000000
vt 0.537310 0.627754
vt 0.593476 0.627754
vt 0.574754 1.000000
vt 0.574754 0.627754
vt 0.630919 0.627754
vt 0.612197 1.000000
vt 0.612197 0.627754
vt 0.668363 0.627754
vt 0.649641 1.000000
vt 0.649641 0.627754
vt 0.705807 0.627754
vt 0.687085 1.000000
vt 0.687085 0.627754
vt 0.743250 0.627754
vt 0.724529 1.000000
vt 0.724529 0.627754
vt 0.780694 0.627754
vt 0.761972 1.000000
vt 0.761972 0.627754
vt 0.818138 0.627754
vt 0.799416 1.000000
vt 0.799416 0.627754
vt 0.855582 0.627754
vt 0.836860 1.000000
vt 0.836860 0.627754
vt 0.874304 0.627754
vt 0.855582 1.000000
vt 0.893025 0.627754
vt 0.874304 1.000000
vt 0.911747 0.627754
vt 0.893025 1.000000
vt 0.930469 0.627754
vt 0.911747 1.000000
vt 0.949191 0.627754
vt 0.930469 1.000000
vt 0.967913 0.627754
vt 0.949191 1.000000
vt 0.986635 0.627754
vt 0.967913 1.000000
vt 0.529179 0.049705
vt 0.520093 0.221621
vt 0.520527 0.049688
vt 0.537832 0.049723
vt 0.528746 0.221689
vt 0.546404 0.084643
vt 0.546160 0.191005
vt 0.544464 0.193272
vt 0.546149 0.221841
vt 0.546200 0.211828
vt 0.548329 0.214796
vt 0.546485 0.049741
vt 0.555121 0.057498
vt 0.548665 0.059885
vt 0.015628 0.221469
vt 0.015620 0.217790
vt 0.020792 0.217499
vt 0.023429 0.059749
vt 0.019847 0.059050
vt 0.015624 0.185914
vt 0.015093 0.091856
vt 0.020321 0.091667
vt 0.034330 0.072598
vt 0.034361 0.078127
vt 0.049896 0.221348
vt 0.048935 0.051990
vt 0.031820 0.627754
vt 0.013098 1.000000
vt 0.013098 0.627754
vt 0.069263 0.627754
vt 0.050542 1.000000
vt 0.050542 0.627754
vt 0.106707 0.627754
vt 0.087985 1.000000
vt 0.087985 0.627754
vt 0.144151 0.627754
vt 0.125429 1.000000
vt 0.125429 0.627754
vt 0.151050 0.035519
vt 0.142628 0.051454
vt 0.168092 0.035410
vt 0.159671 0.051350
vt 0.159571 0.035465
vt 0.185139 0.035296
vt 0.176719 0.051243
vt 0.176615 0.035353
vt 0.202192 0.035178
vt 0.193772 0.051133
vt 0.193665 0.035238
vt 0.219252 0.035056
vt 0.210832 0.051019
vt 0.210721 0.035117
vt 0.236320 0.034929
vt 0.227900 0.050903
vt 0.227785 0.034993
vt 0.253398 0.034798
vt 0.244976 0.050782
vt 0.244858 0.034864
vt 0.270485 0.034662
vt 0.262062 0.050658
vt 0.261940 0.034730
vt 0.287584 0.034521
vt 0.279159 0.050530
vt 0.279033 0.034592
vt 0.304695 0.034374
vt 0.296269 0.050398
vt 0.296138 0.034448
vt 0.321818 0.034221
vt 0.313392 0.050262
vt 0.313255 0.034299
vt 0.338957 0.034057
vt 0.330531 0.050120
vt 0.330385 0.034141
vt 0.356117 0.033874
vt 0.347691 0.049974
vt 0.347533 0.033969
vt 0.373325 0.033659
vt 0.364882 0.049825
vt 0.364712 0.033771
vt 0.390665 0.033485
vt 0.382120 0.049693
vt 0.381965 0.033538
vt 0.408031 0.033444
vt 0.399410 0.049617
vt 0.399353 0.033457
vt 0.425363 0.033440
vt 0.416715 0.049585
vt 0.416700 0.033439
vt 0.442679 0.033449
vt 0.434018 0.049578
vt 0.434022 0.033443
vt 0.459987 0.033465
vt 0.451320 0.049585
vt 0.451333 0.033457
vt 0.477292 0.033487
vt 0.468620 0.049602
vt 0.468639 0.033476
vt 0.415239 0.473208
vt 0.425283 0.250825
vt 0.423768 0.473277
vt 0.508891 0.474067
vt 0.519720 0.251810
vt 0.517382 0.474155
vt 0.432257 0.473347
vt 0.442440 0.250929
vt 0.440788 0.473420
vt 0.525914 0.474245
vt 0.536895 0.252019
vt 0.534408 0.474337
vt 0.449279 0.473495
vt 0.459607 0.251049
vt 0.457811 0.473571
vt 0.542942 0.474429
vt 0.553995 0.252530
vt 0.551432 0.474523
vt 0.466303 0.473649
vt 0.476782 0.251186
vt 0.474836 0.473729
vt 0.016634 0.471938
vt 0.024767 0.251367
vt 0.025071 0.471932
vt 0.483329 0.473811
vt 0.493969 0.251347
vt 0.491863 0.473894
vt 0.033549 0.471926
vt 0.041632 0.251082
vt 0.041990 0.471921
vt 0.500357 0.473980
vt 0.511173 0.251540
vt 0.050473 0.471917
vt 0.058596 0.250961
vt 0.058915 0.471913
vt 0.160527 0.471982
vt 0.152075 0.250544
vt 0.160565 0.250604
vt 0.528312 0.251785
vt 0.067399 0.471912
vt 0.075577 0.250873
vt 0.075843 0.471911
vt 0.177476 0.472014
vt 0.169095 0.250508
vt 0.177587 0.250571
vt 0.545508 0.252127
vt 0.092774 0.471913
vt 0.084092 0.250757
vt 0.092572 0.250802
vt 0.194430 0.472053
vt 0.186120 0.250477
vt 0.194616 0.250543
vt 0.562417 0.252725
vt 0.559963 0.474617
vt 0.109705 0.471922
vt 0.101098 0.250692
vt 0.109550 0.250817
vt 0.211387 0.472100
vt 0.203153 0.250452
vt 0.211653 0.250521
vt 0.033182 0.251088
vt 0.126640 0.471936
vt 0.118042 0.250636
vt 0.126533 0.250690
vt 0.228350 0.472153
vt 0.220195 0.250433
vt 0.228701 0.250505
vt 0.050130 0.250937
vt 0.143582 0.471955
vt 0.135060 0.250587
vt 0.143548 0.250644
vt 0.245314 0.472213
vt 0.237254 0.250420
vt 0.245732 0.250571
vt 0.067105 0.250836
vt 0.169021 0.471997
vt 0.262283 0.472279
vt 0.254253 0.250414
vt 0.262772 0.250493
vt 0.084328 0.471912
vt 0.185973 0.472033
vt 0.279259 0.472353
vt 0.271328 0.250415
vt 0.279844 0.250497
vt 0.101261 0.471917
vt 0.202928 0.472076
vt 0.296241 0.472434
vt 0.288401 0.250423
vt 0.296921 0.250509
vt 0.118191 0.471928
vt 0.219888 0.472125
vt 0.313227 0.472523
vt 0.305482 0.250439
vt 0.314005 0.250529
vt 0.135131 0.471945
vt 0.236853 0.472182
vt 0.330218 0.472618
vt 0.322571 0.250463
vt 0.331099 0.250557
vt 0.152074 0.471968
vt 0.253817 0.472245
vt 0.347215 0.472721
vt 0.339670 0.250496
vt 0.348204 0.250595
vt 0.270791 0.472315
vt 0.355735 0.472776
vt 0.365322 0.250644
vt 0.364216 0.472832
vt 0.287770 0.472393
vt 0.372738 0.472890
vt 0.382426 0.250779
vt 0.381218 0.472950
vt 0.304754 0.472477
vt 0.389740 0.473012
vt 0.399539 0.250774
vt 0.398225 0.473075
vt 0.321742 0.472569
vt 0.406752 0.473141
vt 0.416687 0.250858
vt 0.338736 0.472669
vt 0.433840 0.250955
vt 0.356781 0.250539
vt 0.451002 0.251066
vt 0.373912 0.250592
vt 0.468172 0.251194
vt 0.390983 0.250657
vt 0.485353 0.251343
vt 0.408133 0.250735
vt 0.502547 0.251518
vt 0.715098 0.054048
vt 0.722373 0.056255
vt 0.696274 0.129197
vt 0.729397 0.059165
vt 0.736102 0.062748
vt 0.742423 0.066972
vt 0.748300 0.071795
vt 0.753676 0.077171
vt 0.758499 0.083048
vt 0.762723 0.089369
vt 0.766307 0.096074
vt 0.769216 0.103098
vt 0.771423 0.110373
vt 0.772906 0.117830
vt 0.773651 0.125396
vt 0.773651 0.132998
vt 0.772906 0.140564
vt 0.771423 0.148021
vt 0.769216 0.155296
vt 0.766307 0.162320
vt 0.762723 0.169025
vt 0.758499 0.175346
vt 0.755125 0.179457
vt 0.753676 0.181223
vt 0.748300 0.186599
vt 0.742423 0.191422
vt 0.736102 0.195645
vt 0.729397 0.199229
vt 0.722373 0.202139
vt 0.715098 0.204346
vt 0.707642 0.205829
vt 0.700076 0.206574
vt 0.692473 0.206574
vt 0.684907 0.205829
vt 0.682774 0.205404
vt 0.677451 0.204346
vt 0.670175 0.202139
vt 0.663152 0.199229
vt 0.656447 0.195645
vt 0.650125 0.191422
vt 0.644248 0.186599
vt 0.638873 0.181223
vt 0.634050 0.175346
vt 0.629826 0.169025
vt 0.626242 0.162320
vt 0.623333 0.155296
vt 0.621126 0.148021
vt 0.619643 0.140564
vt 0.618897 0.132998
vt 0.618897 0.125396
vt 0.619643 0.117830
vt 0.621126 0.110373
vt 0.623333 0.103098
vt 0.626242 0.096074
vt 0.629826 0.089369
vt 0.634050 0.083048
vt 0.638873 0.077171
vt 0.644249 0.071795
vt 0.650125 0.066972
vt 0.656447 0.062748
vt 0.663152 0.059165
vt 0.670175 0.056255
vt 0.677451 0.054048
vt 0.684907 0.052565
vt 0.692473 0.051820
vt 0.700076 0.051820
vt 0.707642 0.052565
vt 0.121292 0.181768
vt 0.116473 0.177180
vt 0.111865 0.172337
vt 0.108034 0.166897
vt 0.104460 0.161248
vt 0.101763 0.155165
vt 0.099360 0.148927
vt 0.097901 0.142436
vt 0.096761 0.135848
vt 0.096761 0.129197
vt 0.096764 0.122514
vt 0.097901 0.115958
vt 0.099369 0.109436
vt 0.101763 0.103228
vt 0.104475 0.097118
vt 0.108034 0.091497
vt 0.111885 0.086032
vt 0.116473 0.081213
vt 0.121317 0.076606
vt 0.126756 0.072774
vt 0.132406 0.069200
vt 0.138488 0.066503
vt 0.144726 0.064100
vt 0.151218 0.062642
vt 0.157805 0.061502
vt 0.164456 0.061502
vt 0.171140 0.061505
vt 0.177695 0.062642
vt 0.184217 0.064109
vt 0.190425 0.066503
vt 0.196535 0.069215
vt 0.202157 0.072774
vt 0.207621 0.076626
vt 0.212440 0.081213
vt 0.217048 0.086057
vt 0.220879 0.091497
vt 0.224453 0.097146
vt 0.227150 0.103228
vt 0.229553 0.109467
vt 0.231011 0.115958
vt 0.232152 0.122546
vt 0.232152 0.129197
vt 0.232148 0.135880
vt 0.231011 0.142436
vt 0.229544 0.148958
vt 0.226999 0.155103
vt 0.224438 0.161276
vt 0.220743 0.166806
vt 0.217027 0.172361
vt 0.212440 0.177180
vt 0.207596 0.181788
vt 0.202157 0.185620
vt 0.196507 0.189194
vt 0.190425 0.191890
vt 0.184187 0.194294
vt 0.177695 0.195752
vt 0.171108 0.196892
vt 0.164456 0.196892
vt 0.157773 0.196889
vt 0.151218 0.195752
vt 0.144696 0.194284
vt 0.138488 0.191890
vt 0.181595 0.627754
vt 0.162873 1.000000
vt 0.162873 0.627754
vt 0.554938 0.221943
vt 0.554982 0.217171
vt 0.558517 0.217930
vt 0.563791 0.049778
vt 0.563776 0.056514
vt 0.558757 0.056775
vt 0.558383 0.089910
vt 0.563475 0.185630
vt 0.558229 0.185811
vt 0.032823 0.221414
vt 0.024235 0.216791
vt 0.030727 0.214522
vt 0.031903 0.052086
vt 0.031976 0.065213
vt 0.029791 0.062077
vt 0.030950 0.188584
vt 0.030455 0.089077
vt 0.032687 0.191145
vt 0.041372 0.221383
vt 0.060009 0.051929
vt 0.058413 0.221311
vt 0.031820 1.000000
vt 0.069263 1.000000
vt 0.106707 1.000000
vt 0.144151 1.000000
vt 0.151149 0.051403
vt 0.168194 0.051297
vt 0.185245 0.051188
vt 0.202301 0.051077
vt 0.219365 0.050961
vt 0.236437 0.050843
vt 0.253518 0.050720
vt 0.270609 0.050595
vt 0.287712 0.050465
vt 0.304828 0.050331
vt 0.321959 0.050192
vt 0.339108 0.050048
vt 0.356282 0.049899
vt 0.373494 0.049755
vt 0.390761 0.049648
vt 0.408062 0.049597
vt 0.425367 0.049579
vt 0.442669 0.049580
vt 0.459970 0.049593
vt 0.485944 0.033500
vt 0.477270 0.049614
vt 0.494597 0.033514
vt 0.485920 0.049627
vt 0.503249 0.033528
vt 0.494570 0.049641
vt 0.511902 0.033543
vt 0.503221 0.049656
vt 0.529211 0.033575
vt 0.520557 0.033559
vt 0.537865 0.033593
vt 0.546518 0.033611
vt 0.014870 0.052181
vt 0.014781 0.036306
vt 0.065967 0.051896
vt 0.065878 0.036022
vt 0.083000 0.051801
vt 0.100034 0.051704
vt 0.117070 0.051606
vt 0.517620 0.221648
vt 0.517622 0.221593
vt 0.000000 0.627754
vt 0.000000 1.000000
vt 0.219038 1.000000
vt 0.256482 1.000000
vt 0.293926 1.000000
vt 0.331370 1.000000
vt 0.368813 1.000000
vt 0.406257 1.000000
vt 0.443701 1.000000
vt 0.481144 1.000000
vt 0.518588 1.000000
vt 0.556032 1.000000
vt 0.593476 1.000000
vt 0.630919 1.000000
vt 0.668363 1.000000
vt 0.705807 1.000000
vt 0.743250 1.000000
vt 0.780694 1.000000
vt 0.365347 0.236766
vt 0.356784 0.238419
vt 0.356786 0.236752
vt 0.365343 0.238429
vt 0.356783 0.240099
vt 0.365341 0.240102
vt 0.356783 0.241802
vt 0.365338 0.241797
vt 0.356784 0.243537
vt 0.373908 0.236786
vt 0.373905 0.238453
vt 0.373903 0.240133
vt 0.373902 0.241837
vt 0.365336 0.243521
vt 0.382469 0.236803
vt 0.382464 0.238457
vt 0.382460 0.240121
vt 0.382455 0.241804
vt 0.373902 0.243575
vt 0.391032 0.236843
vt 0.391027 0.238511
vt 0.391023 0.240192
vt 0.391019 0.241897
vt 0.382450 0.243513
vt 0.399602 0.236880
vt 0.399595 0.238544
vt 0.399588 0.240220
vt 0.399582 0.241917
vt 0.391016 0.243636
vt 0.408175 0.236923
vt 0.408169 0.238593
vt 0.408163 0.240276
vt 0.408159 0.241982
vt 0.399575 0.243643
vt 0.416753 0.236962
vt 0.416745 0.238627
vt 0.416738 0.240303
vt 0.416730 0.242000
vt 0.408155 0.243721
vt 0.425333 0.237009
vt 0.425325 0.238680
vt 0.425319 0.240363
vt 0.425313 0.242069
vt 0.416723 0.243726
vt 0.433915 0.237053
vt 0.433907 0.238718
vt 0.433898 0.240395
vt 0.433889 0.242093
vt 0.425308 0.243808
vt 0.442500 0.237106
vt 0.442492 0.238777
vt 0.442484 0.240461
vt 0.442477 0.242169
vt 0.433881 0.243819
vt 0.451088 0.237157
vt 0.451078 0.238823
vt 0.451068 0.240500
vt 0.451058 0.242200
vt 0.442471 0.243909
vt 0.459678 0.237216
vt 0.459668 0.238889
vt 0.459659 0.240574
vt 0.459651 0.242283
vt 0.451048 0.243927
vt 0.468272 0.237274
vt 0.468260 0.238942
vt 0.468249 0.240621
vt 0.468238 0.242321
vt 0.459644 0.244024
vt 0.476869 0.237341
vt 0.476857 0.239016
vt 0.476846 0.240703
vt 0.476836 0.242413
vt 0.468226 0.244050
vt 0.485469 0.237407
vt 0.485456 0.239077
vt 0.485442 0.240758
vt 0.485429 0.242461
vt 0.476827 0.244156
vt 0.494074 0.237483
vt 0.494060 0.239160
vt 0.494047 0.240850
vt 0.494034 0.242564
vt 0.485415 0.244192
vt 0.502682 0.237557
vt 0.502666 0.239231
vt 0.502650 0.240916
vt 0.502634 0.242622
vt 0.494023 0.244310
vt 0.511296 0.237642
vt 0.511277 0.239323
vt 0.511260 0.241015
vt 0.511243 0.242732
vt 0.502617 0.244358
vt 0.517448 0.237706
vt 0.519906 0.237731
vt 0.519887 0.239399
vt 0.519866 0.241078
vt 0.519844 0.242777
vt 0.511227 0.244483
vt 0.528540 0.237853
vt 0.528513 0.239539
vt 0.528487 0.241238
vt 0.528461 0.242960
vt 0.519821 0.244501
vt 0.537195 0.237986
vt 0.537161 0.239672
vt 0.537124 0.241369
vt 0.537087 0.243086
vt 0.528435 0.244716
vt 0.545894 0.238153
vt 0.545847 0.239847
vt 0.545799 0.241553
vt 0.545748 0.243281
vt 0.537048 0.244832
vt 0.554665 0.238344
vt 0.554606 0.240039
vt 0.554540 0.241744
vt 0.554466 0.243464
vt 0.545695 0.245041
vt 0.563542 0.238553
vt 0.563534 0.240339
vt 0.563475 0.242144
vt 0.563368 0.243970
vt 0.554384 0.245202
vt 0.024345 0.237448
vt 0.015663 0.239257
vt 0.015682 0.237537
vt 0.024379 0.239103
vt 0.015690 0.240999
vt 0.024419 0.240768
vt 0.015755 0.242764
vt 0.024464 0.242449
vt 0.015849 0.244555
vt 0.032935 0.237369
vt 0.032963 0.239028
vt 0.032995 0.240699
vt 0.033030 0.242393
vt 0.024517 0.244151
vt 0.041478 0.237296
vt 0.041497 0.238949
vt 0.041517 0.240613
vt 0.041539 0.242298
vt 0.033067 0.244119
vt 0.049997 0.237239
vt 0.050011 0.238897
vt 0.050028 0.240567
vt 0.050046 0.242260
vt 0.041561 0.244011
vt 0.058506 0.237185
vt 0.058515 0.238836
vt 0.058527 0.240499
vt 0.058539 0.242183
vt 0.050065 0.243986
vt 0.061056 0.237176
vt 0.067004 0.237145
vt 0.067015 0.238801
vt 0.067027 0.240470
vt 0.067040 0.242161
vt 0.058551 0.243895
vt 0.075505 0.237100
vt 0.075514 0.238751
vt 0.075523 0.240412
vt 0.075532 0.242095
vt 0.067054 0.243885
vt 0.084005 0.237064
vt 0.084014 0.238720
vt 0.084024 0.240388
vt 0.084035 0.242080
vt 0.075542 0.243806
vt 0.092505 0.237022
vt 0.092512 0.238673
vt 0.092520 0.240335
vt 0.092529 0.242018
vt 0.084048 0.243804
vt 0.101003 0.236986
vt 0.101011 0.238641
vt 0.101019 0.240308
vt 0.101029 0.242000
vt 0.092537 0.243730
vt 0.109500 0.236944
vt 0.109506 0.238586
vt 0.109512 0.240238
vt 0.109518 0.241909
vt 0.101041 0.243725
vt 0.117997 0.236926
vt 0.118003 0.238582
vt 0.118010 0.240250
vt 0.118017 0.241942
vt 0.109525 0.243605
vt 0.126499 0.236903
vt 0.126503 0.238554
vt 0.126508 0.240217
vt 0.126513 0.241901
vt 0.118026 0.243667
vt 0.135004 0.236884
vt 0.135009 0.238541
vt 0.135015 0.240210
vt 0.135022 0.241903
vt 0.126518 0.243614
vt 0.143512 0.236859
vt 0.143516 0.238511
vt 0.143520 0.240173
vt 0.143525 0.241857
vt 0.135031 0.243628
vt 0.143530 0.243569
vt 0.152038 0.241859
vt 0.152046 0.243584
vt 0.152031 0.240167
vt 0.152025 0.238497
vt 0.152021 0.236841
vt 0.160531 0.236817
vt 0.160535 0.238468
vt 0.160539 0.240131
vt 0.160544 0.241815
vt 0.169043 0.236800
vt 0.169048 0.238457
vt 0.169053 0.240127
vt 0.169060 0.241820
vt 0.160548 0.243527
vt 0.177557 0.236779
vt 0.177561 0.238431
vt 0.177564 0.240094
vt 0.177568 0.241778
vt 0.169068 0.243545
vt 0.186072 0.236764
vt 0.186076 0.238422
vt 0.186082 0.240092
vt 0.186088 0.241786
vt 0.177573 0.243491
vt 0.194589 0.236745
vt 0.194593 0.238398
vt 0.194596 0.240061
vt 0.194600 0.241747
vt 0.186095 0.243512
vt 0.203108 0.236733
vt 0.203112 0.238391
vt 0.203117 0.240062
vt 0.203123 0.241757
vt 0.194604 0.243460
vt 0.211629 0.236715
vt 0.211632 0.238369
vt 0.211635 0.240034
vt 0.211639 0.241720
vt 0.203130 0.243484
vt 0.220152 0.236704
vt 0.220155 0.238364
vt 0.220160 0.240037
vt 0.220166 0.241733
vt 0.211642 0.243435
vt 0.228675 0.236687
vt 0.228678 0.238342
vt 0.228681 0.240009
vt 0.228684 0.241696
vt 0.220172 0.243461
vt 0.237199 0.236675
vt 0.237201 0.238334
vt 0.237205 0.240007
vt 0.237211 0.241703
vt 0.228688 0.243413
vt 0.245721 0.236657
vt 0.245723 0.238303
vt 0.245724 0.239960
vt 0.245726 0.241636
vt 0.237217 0.243433
vt 0.254245 0.236662
vt 0.254247 0.238322
vt 0.254249 0.239996
vt 0.254253 0.241693
vt 0.245728 0.243337
vt 0.262775 0.236662
vt 0.262775 0.238319
vt 0.262776 0.239987
vt 0.262776 0.241676
vt 0.254256 0.243424
vt 0.271309 0.236667
vt 0.271310 0.238329
vt 0.271311 0.240004
vt 0.271314 0.241702
vt 0.262776 0.243394
vt 0.279846 0.236666
vt 0.279846 0.238322
vt 0.279846 0.239990
vt 0.279846 0.241680
vt 0.271317 0.243433
vt 0.288385 0.236671
vt 0.288385 0.238334
vt 0.288387 0.240009
vt 0.288389 0.241707
vt 0.279846 0.243398
vt 0.296927 0.236672
vt 0.296926 0.238329
vt 0.296926 0.239998
vt 0.296925 0.241688
vt 0.288393 0.243438
vt 0.305470 0.236680
vt 0.305470 0.238344
vt 0.305471 0.240020
vt 0.305473 0.241719
vt 0.296925 0.243406
vt 0.314017 0.236685
vt 0.314016 0.238343
vt 0.314015 0.240012
vt 0.314014 0.241703
vt 0.305476 0.243451
vt 0.322565 0.236697
vt 0.322565 0.238361
vt 0.322565 0.240038
vt 0.322566 0.241738
vt 0.314013 0.243423
vt 0.331117 0.236705
vt 0.331115 0.238364
vt 0.331113 0.240035
vt 0.331112 0.241727
vt 0.322568 0.243471
vt 0.339671 0.236721
vt 0.339669 0.238386
vt 0.339669 0.240064
vt 0.339669 0.241766
vt 0.331110 0.243447
vt 0.348227 0.236733
vt 0.348225 0.238393
vt 0.348222 0.240065
vt 0.348220 0.241758
vt 0.339671 0.243500
vt 0.348218 0.243480
vt 0.151979 0.220973
vt 0.143468 0.220998
vt 0.160491 0.220950
vt 0.169005 0.220927
vt 0.177520 0.220906
vt 0.186037 0.220885
vt 0.194556 0.220865
vt 0.203077 0.220847
vt 0.211599 0.220829
vt 0.220123 0.220812
vt 0.228648 0.220796
vt 0.237175 0.220782
vt 0.245704 0.220769
vt 0.254236 0.220761
vt 0.262769 0.220756
vt 0.271305 0.220751
vt 0.279844 0.220748
vt 0.288386 0.220746
vt 0.296930 0.220746
vt 0.305476 0.220747
vt 0.314026 0.220749
vt 0.322577 0.220753
vt 0.331132 0.220759
vt 0.339689 0.220768
vt 0.348249 0.220777
vt 0.356811 0.220789
vt 0.365376 0.220803
vt 0.373944 0.220820
vt 0.382514 0.220840
vt 0.391087 0.220867
vt 0.399663 0.220897
vt 0.408243 0.220930
vt 0.416825 0.220967
vt 0.425410 0.221006
vt 0.433998 0.221047
vt 0.442589 0.221093
vt 0.451183 0.221140
vt 0.459779 0.221191
vt 0.468379 0.221245
vt 0.476983 0.221301
vt 0.485592 0.221359
vt 0.494205 0.221420
vt 0.502826 0.221482
vt 0.511455 0.221546
vt 0.518050 0.049684
vt 0.511872 0.049672
vt 0.537423 0.221753
vt 0.563225 0.245817
vt 0.563776 0.222064
vt 0.016476 0.251419
vt 0.024243 0.221440
vt 0.060967 0.221307
vt 0.075426 0.221246
vt 0.066919 0.221283
vt 0.083931 0.221209
vt 0.092435 0.221173
vt 0.100938 0.221138
vt 0.109442 0.221105
vt 0.117946 0.221076
vt 0.126452 0.221049
vt 0.134959 0.221023
vt 0.818138 1.000000
vt 1.000000 0.627754
vt 0.986635 1.000000
vt 0.181595 1.000000
vt 0.504416 0.139378
vt 0.373335 0.145850
vt 0.418388 0.098485
vt 0.482693 0.171752
vt 0.548079 0.087314
vt 0.497938 0.150189
vt 0.504315 0.134973
vt 0.389969 0.145850
vt 0.344914 0.098488
vt 0.258897 0.139385
vt 0.544776 0.210121
vt 0.546455 0.063063
vt 0.545124 0.064765
vt 0.543809 0.204414
vt 0.544088 0.070588
vt 0.544075 0.076204
vt 0.543805 0.198961
vt 0.544700 0.082196
vt 0.014907 0.058810
vt 0.023606 0.091205
vt 0.020789 0.186074
vt 0.024144 0.186560
vt 0.034364 0.193373
vt 0.032096 0.086438
vt 0.033765 0.084028
vt 0.035045 0.198976
vt 0.033291 0.066869
vt 0.032795 0.211644
vt 0.034162 0.209956
vt 0.035076 0.204344
vt 0.563825 0.218286
vt 0.563694 0.090084
vt 0.518081 0.033554
vt 1.000000 1.000000
s 1
usemtl Material.001
f 45/1/1 53/2/2 48/3/3
f 53/2/2 49/4/4 48/3/3
f 55/5/5 57/6/6 59/7/7
f 59/7/7 64/8/8 55/5/5
f 55/5/5 66/9/9 49/4/4
f 64/8/8 69/10/10 66/9/9
f 143/11/11 69/10/10 68/12/12
f 133/13/13 137/14/14 139/15/15
f 77/16/16 76/17/17 1538/18/18
f 80/19/19 83/20/20 76/17/17
f 68/12/12 64/8/8 61/21/21
f 121/22/22 125/23/23 127/24/24
f 119/25/25 124/26/26 61/21/21
f 127/24/24 132/27/27 133/13/13
f 86/28/28 1540/29/29 87/30/30
f 53/2/2 55/5/5 49/4/4
f 45/1/1 51/31/31 53/2/2
f 55/5/5 53/2/2 57/6/6
f 1541/32/32 100/33/33 97/34/34
f 103/35/35 105/36/36 1542/37/37
f 77/16/16 80/19/19 76/17/17
f 55/5/5 64/8/8 66/9/9
f 105/36/36 106/38/38 109/39/39
f 64/8/8 68/12/12 69/10/10
f 86/28/28 90/40/40 1540/29/29
f 80/19/19 82/41/41 83/20/20
f 59/7/7 61/21/21 64/8/8
f 1543/42/42 45/1/1 43/43/43
f 109/39/39 51/31/31 1543/42/42
f 103/35/35 57/6/6 106/38/38
f 57/6/6 51/31/31 106/38/38
f 114/44/44 100/33/33 115/45/45
f 115/45/45 119/25/25 114/44/44
f 114/44/44 59/7/7 57/6/6
f 117/46/46 124/26/26 119/25/25
f 119/25/25 61/21/21 59/7/7
f 121/22/22 127/24/24 124/26/26
f 124/26/26 129/47/47 61/21/21
f 127/24/24 133/13/13 129/47/47
f 129/47/47 135/48/48 68/12/12
f 68/12/12 61/21/21 129/47/47
f 133/13/13 139/15/15 135/48/48
f 135/48/48 141/49/49 143/11/11
f 143/11/11 68/12/12 135/48/48
f 148/50/50 77/16/16 1538/18/18
f 135/48/48 139/15/15 141/49/49
f 145/51/51 151/52/52 77/16/16
f 157/53/53 165/54/54 159/55/55
f 159/55/55 167/56/56 162/57/57
f 165/54/54 171/58/58 167/56/56
f 167/56/56 174/59/59 176/60/60
f 176/60/60 162/57/57 167/56/56
f 178/61/61 179/62/62 181/63/63
f 187/64/64 189/65/65 192/66/66
f 187/64/64 193/67/67 153/68/68
f 151/52/52 153/68/68 193/67/67
f 193/67/67 196/69/69 197/70/70
f 197/70/70 151/52/52 193/67/67
f 200/71/71 77/16/16 151/52/52
f 197/70/70 203/72/72 200/71/71
f 200/71/71 82/41/41 80/19/19
f 202/73/73 207/74/74 203/72/72
f 203/72/72 86/28/28 82/41/41
f 206/75/75 211/76/76 207/74/74
f 207/74/74 90/40/40 86/28/28
f 211/76/76 213/77/77 215/78/78
f 211/76/76 99/79/79 90/40/40
f 215/78/78 117/46/46 115/45/45
f 115/45/45 99/79/79 215/78/78
f 209/80/80 219/81/81 213/77/77
f 213/77/77 121/22/22 117/46/46
f 218/82/82 224/83/83 219/81/81
f 219/81/81 125/23/23 121/22/22
f 221/84/84 227/85/85 224/83/83
f 224/83/83 230/86/86 125/23/23
f 227/85/85 233/87/87 230/86/86
f 230/86/86 235/88/88 132/27/27
f 132/27/27 125/23/23 230/86/86
f 233/87/87 239/89/89 235/88/88
f 235/88/88 241/90/90 137/14/14
f 137/14/14 132/27/27 235/88/88
f 241/90/90 244/91/91 245/92/92
f 245/92/92 249/93/93 241/90/90
f 249/93/93 137/14/14 241/90/90
f 249/93/93 251/94/94 253/95/95
f 253/95/95 139/15/15 249/93/93
f 251/94/94 256/96/96 156/97/97
f 247/98/98 258/99/99 256/96/96
f 256/96/96 260/100/100 163/101/101
f 163/101/101 156/97/97 256/96/96
f 258/99/99 264/102/102 260/100/100
f 260/100/100 266/103/103 169/104/104
f 169/104/104 163/101/101 260/100/100
f 264/102/102 270/105/105 266/103/103
f 266/103/103 272/106/106 274/107/107
f 274/107/107 169/104/104 266/103/103
f 274/107/107 276/108/108 278/109/109
f 278/109/109 171/58/58 274/107/107
f 278/109/109 279/110/110 282/111/111
f 282/111/111 174/59/59 278/109/109
f 283/112/112 285/113/113 287/114/114
f 287/114/114 179/62/62 283/112/112
f 283/112/112 176/60/60 174/59/59
f 289/115/115 291/116/116 293/117/117
f 293/117/117 298/118/118 289/115/115
f 289/115/115 181/63/63 179/62/62
f 303/119/119 305/120/120 307/121/121
f 307/121/121 184/122/122 303/119/119
f 309/123/123 185/124/124 184/122/122
f 309/123/123 311/125/125 313/126/126
f 313/126/126 189/65/65 309/123/123
f 315/127/127 192/66/66 189/65/65
f 315/127/127 317/128/128 320/129/129
f 320/129/129 196/69/69 315/127/127
f 321/130/130 197/70/70 196/69/69
f 321/130/130 324/131/131 326/132/132
f 326/132/132 202/73/73 321/130/130
f 326/132/132 221/84/84 218/82/82
f 218/82/82 206/75/75 326/132/132
f 320/129/129 327/133/133 324/131/131
f 324/131/131 226/134/134 221/84/84
f 317/128/128 332/135/135 327/133/133
f 327/133/133 333/136/136 226/134/134
f 332/135/135 338/137/137 333/136/136
f 333/136/136 340/138/138 232/139/139
f 232/139/139 226/134/134 333/136/136
f 340/138/138 342/140/140 343/141/141
f 343/141/141 237/142/142 340/138/138
f 237/142/142 232/139/139 340/138/138
f 345/143/143 348/144/144 350/145/145
f 350/145/145 244/91/91 345/143/143
f 345/143/143 239/89/89 237/142/142
f 350/145/145 351/146/146 268/147/147
f 268/147/147 262/148/148 350/145/145
f 348/144/144 356/149/149 351/146/146
f 351/146/146 357/150/150 359/151/151
f 359/151/151 268/147/147 351/146/146
f 359/151/151 361/152/152 364/153/153
f 364/153/153 270/105/105 359/151/151
f 364/153/153 365/154/154 367/155/155
f 367/155/155 272/106/106 364/153/153
f 367/155/155 369/156/156 371/157/157
f 371/157/157 276/108/108 367/155/155
f 371/157/157 373/158/158 375/159/159
f 375/159/159 279/110/110 371/157/157
f 377/160/160 379/161/161 382/162/162
f 382/162/162 285/113/113 377/160/160
f 377/160/160 282/111/111 279/110/110
f 383/163/163 386/164/164 388/165/165
f 388/165/165 291/116/116 383/163/163
f 383/163/163 287/114/114 285/113/113
f 390/166/166 391/167/167 394/168/168
f 394/168/168 398/169/169 390/166/166
f 390/166/166 293/117/117 291/116/116
f 395/170/170 401/171/171 398/169/169
f 398/169/169 295/172/172 293/117/117
f 407/173/173 410/174/174 412/175/175
f 412/175/175 300/176/176 407/173/173
f 414/177/177 301/178/178 300/176/176
f 412/175/175 417/179/179 414/177/177
f 417/179/179 305/120/120 414/177/177
f 419/180/180 307/121/121 305/120/120
f 419/180/180 421/181/181 423/182/182
f 423/182/182 311/125/125 419/180/180
f 421/181/181 335/183/183 423/182/182
f 335/183/183 329/184/184 423/182/182
f 425/185/185 427/186/186 429/187/187
f 429/187/187 342/140/140 425/185/185
f 425/185/185 338/137/137 335/183/183
f 429/187/187 431/188/188 434/189/189
f 434/189/189 354/190/190 429/187/187
f 434/189/189 436/191/191 438/192/192
f 438/192/192 356/149/149 434/189/189
f 438/192/192 440/193/193 442/194/194
f 442/194/194 357/150/150 438/192/192
f 442/194/194 444/195/195 446/196/196
f 446/196/196 361/152/152 442/194/194
f 446/196/196 448/197/197 450/198/198
f 450/198/198 365/154/154 446/196/196
f 450/198/198 451/199/199 454/200/200
f 454/200/200 369/156/156 450/198/198
f 454/200/200 456/201/201 458/202/202
f 458/202/202 373/158/158 454/200/200
f 460/203/203 462/204/204 463/205/205
f 463/205/205 379/161/161 460/203/203
f 460/203/203 375/159/159 373/158/158
f 465/206/206 467/207/207 470/208/208
f 470/208/208 386/164/164 465/206/206
f 465/206/206 382/162/162 379/161/161
f 472/209/209 473/210/210 476/211/211
f 476/211/211 391/167/167 472/209/209
f 472/209/209 388/165/165 386/164/164
f 476/211/211 481/212/212 477/213/213
f 477/213/213 484/214/214 486/215/215
f 477/213/213 394/168/168 391/167/167
f 486/215/215 488/216/216 490/217/217
f 486/215/215 395/170/170 394/168/168
f 490/217/217 492/218/218 493/219/219
f 493/219/219 395/170/170 490/217/217
f 499/220/220 501/221/221 503/222/222
f 503/222/222 404/223/223 499/220/220
f 505/224/224 406/225/225 404/223/223
f 503/222/222 510/226/226 505/224/224
f 505/224/224 511/227/227 410/174/174
f 416/228/228 410/174/174 511/227/227
f 510/226/226 431/188/188 511/227/227
f 511/227/227 427/186/186 416/228/228
f 507/229/229 436/191/191 510/226/226
f 507/229/229 501/221/221 513/230/230
f 513/230/230 440/193/193 507/229/229
f 513/230/230 516/231/231 518/232/232
f 518/232/232 444/195/195 513/230/230
f 518/232/232 520/233/233 522/234/234
f 522/234/234 448/197/197 518/232/232
f 522/234/234 524/235/235 526/236/236
f 526/236/236 451/199/199 522/234/234
f 526/236/236 528/237/237 530/238/238
f 530/238/238 456/201/201 526/236/236
f 530/238/238 536/239/239 532/240/240
f 532/240/240 538/241/241 462/204/204
f 532/240/240 458/202/202 456/201/201
f 536/239/239 542/242/242 538/241/241
f 538/241/241 544/243/243 467/207/207
f 467/207/207 462/204/204 538/241/241
f 542/242/242 548/244/244 544/243/243
f 544/243/243 550/245/245 473/210/210
f 544/243/243 470/208/208 467/207/207
f 548/244/244 554/246/246 550/245/245
f 550/245/245 556/247/247 480/248/248
f 480/248/248 473/210/210 550/245/245
f 554/246/246 559/249/249 556/247/247
f 556/247/247 561/250/250 564/251/251
f 564/251/251 480/248/248 556/247/247
f 564/251/251 565/252/252 567/253/253
f 567/253/253 481/212/212 564/251/251
f 567/253/253 569/254/254 571/255/255
f 571/255/255 484/214/214 567/253/253
f 571/255/255 573/256/256 576/257/257
f 576/257/257 488/216/216 571/255/255
f 582/258/258 524/235/235 520/233/233
f 520/233/233 496/259/259 582/258/258
f 579/260/260 528/237/237 524/235/235
f 578/261/261 585/262/262 528/237/237
f 583/263/263 590/264/264 585/262/262
f 585/262/262 592/265/265 534/266/266
f 534/266/266 528/237/237 585/262/262
f 590/264/264 596/267/267 592/265/265
f 596/267/267 540/268/268 592/265/265
f 540/268/268 534/266/266 592/265/265
f 596/267/267 602/269/269 598/270/270
f 598/270/270 603/271/271 545/272/272
f 545/272/272 540/268/268 598/270/270
f 602/269/269 607/273/273 603/271/271
f 603/271/271 609/274/274 552/275/275
f 552/275/275 545/272/272 603/271/271
f 607/273/273 613/276/276 609/274/274
f 609/274/274 616/277/277 558/278/278
f 558/278/278 552/275/275 609/274/274
f 613/276/276 619/279/279 616/277/277
f 616/277/277 621/280/280 623/281/281
f 623/281/281 558/278/278 616/277/277
f 623/281/281 626/282/282 627/283/283
f 627/283/283 559/249/249 623/281/281
f 627/283/283 629/284/284 631/285/285
f 631/285/285 561/250/250 627/283/283
f 631/285/285 634/286/286 635/287/287
f 635/287/287 565/252/252 631/285/285
f 635/287/287 638/288/288 640/289/289
f 640/289/289 569/254/254 635/287/287
f 642/290/290 646/291/291 594/292/292
f 594/292/292 587/293/293 642/290/290
f 644/294/294 649/295/295 646/291/291
f 646/291/291 651/296/296 600/297/297
f 600/297/297 594/292/292 646/291/291
f 649/295/295 656/298/298 651/296/296
f 651/296/296 658/299/299 605/300/300
f 605/300/300 600/297/297 651/296/296
f 656/298/298 662/301/301 658/299/299
f 658/299/299 664/302/302 611/303/303
f 611/303/303 605/300/300 658/299/299
f 662/301/301 668/304/304 664/302/302
f 664/302/302 669/305/305 617/306/306
f 617/306/306 611/303/303 664/302/302
f 668/304/304 674/307/307 669/305/305
f 669/305/305 676/308/308 678/309/309
f 678/309/309 617/306/306 669/305/305
f 678/309/309 679/310/310 681/311/311
f 681/311/311 619/279/279 678/309/309
f 681/311/311 683/312/312 685/313/313
f 685/313/313 621/280/280 681/311/311
f 685/313/313 687/314/314 689/315/315
f 689/315/315 626/282/282 685/313/313
f 689/315/315 691/316/316 693/317/317
f 693/317/317 629/284/284 689/315/315
f 693/317/317 696/318/318 698/319/319
f 698/319/319 634/286/286 693/317/317
f 699/320/320 703/321/321 654/322/322
f 654/322/322 647/323/323 699/320/320
f 703/321/321 705/324/324 707/325/325
f 703/321/321 709/326/326 659/327/327
f 659/327/327 654/322/322 703/321/321
f 707/325/325 714/328/328 709/326/326
f 709/326/326 715/329/329 665/330/330
f 665/330/330 659/327/327 709/326/326
f 714/328/328 720/331/331 715/329/329
f 715/329/329 721/332/332 671/333/333
f 671/333/333 665/330/330 715/329/329
f 720/331/331 726/334/334 721/332/332
f 721/332/332 728/335/335 730/336/336
f 730/336/336 671/333/333 721/332/332
f 730/336/336 732/337/337 734/338/338
f 734/338/338 674/307/307 730/336/336
f 734/338/338 736/339/339 738/340/340
f 738/340/340 676/308/308 734/338/338
f 738/340/340 740/341/341 742/342/342
f 742/342/342 679/310/310 738/340/340
f 742/342/342 744/343/343 745/344/344
f 745/344/344 683/312/312 742/342/342
f 745/344/344 748/345/345 750/346/346
f 750/346/346 687/314/314 745/344/344
f 750/346/346 752/347/347 754/348/348
f 754/348/348 691/316/316 750/346/346
f 756/349/349 760/350/350 711/351/351
f 711/351/351 705/324/324 756/349/349
f 758/352/352 763/353/353 760/350/350
f 760/350/350 766/354/354 717/355/355
f 717/355/355 711/351/351 760/350/350
f 763/353/353 770/356/356 766/354/354
f 766/354/354 772/357/357 724/358/358
f 724/358/358 717/355/355 766/354/354
f 770/356/356 776/359/359 772/357/357
f 772/357/357 778/360/360 779/361/361
f 779/361/361 724/358/358 772/357/357
f 779/361/361 782/362/362 784/363/363
f 784/363/363 726/334/334 779/361/361
f 784/363/363 786/364/364 788/365/365
f 788/365/365 728/335/335 784/363/363
f 786/364/364 792/366/366 788/365/365
f 792/366/366 732/337/337 788/365/365
f 790/367/367 796/368/368 792/366/366
f 796/368/368 736/339/339 792/366/366
f 796/368/368 797/369/369 799/370/370
f 799/370/370 740/341/341 796/368/368
f 799/370/370 801/371/371 804/372/372
f 804/372/372 744/343/343 799/370/370
f 804/372/372 805/373/373 807/374/374
f 807/374/374 748/345/345 804/372/372
f 812/375/375 768/376/376 810/377/377
f 768/376/376 762/378/378 810/377/377
f 813/379/379 815/380/380 817/381/381
f 817/381/381 774/382/382 813/379/379
f 774/382/382 768/376/376 813/379/379
f 819/383/383 821/384/384 823/385/385
f 823/385/385 827/386/386 819/383/383
f 819/383/383 776/359/359 774/382/382
f 825/387/387 832/388/388 827/386/386
f 827/386/386 778/360/360 776/359/359
f 829/389/389 836/390/390 832/388/388
f 832/388/388 782/362/362 778/360/360
f 834/391/391 840/392/392 836/390/390
f 836/390/390 786/364/364 782/362/362
f 838/393/393 843/394/394 840/392/392
f 840/392/392 790/367/367 786/364/364
f 842/395/395 848/396/396 843/394/394
f 843/394/394 793/397/397 790/367/367
f 845/398/398 851/399/399 848/396/396
f 848/396/396 797/369/369 793/397/397
f 849/400/400 855/401/401 851/399/399
f 851/399/399 801/371/371 797/369/369
f 853/402/402 860/403/403 855/401/401
f 855/401/401 805/373/373 801/371/371
f 864/404/404 821/384/384 861/405/405
f 861/405/405 817/381/381 815/380/380
f 882/406/406 883/407/407 886/408/408
f 886/408/408 867/409/409 882/406/406
f 866/410/410 867/409/409 887/411/411
f 886/408/408 891/412/412 887/411/411
f 887/411/411 893/413/413 866/410/410
f 823/385/385 866/410/410 893/413/413
f 891/412/412 897/414/414 893/413/413
f 893/413/413 825/387/387 823/385/385
f 895/415/415 901/416/416 897/414/414
f 897/414/414 829/389/389 825/387/387
f 900/417/417 905/418/418 901/416/416
f 901/416/416 834/391/391 829/389/389
f 903/419/419 910/420/420 905/418/418
f 905/418/418 838/393/393 834/391/391
f 907/421/421 914/422/422 910/420/420
f 910/420/420 842/395/395 838/393/393
f 912/423/423 917/424/424 914/422/422
f 914/422/422 845/398/398 842/395/395
f 916/425/425 921/426/426 917/424/424
f 917/424/424 849/400/400 845/398/398
f 920/427/427 925/428/428 921/426/426
f 921/426/426 853/402/402 849/400/400
f 923/429/429 929/430/430 925/428/428
f 925/428/428 858/431/431 853/402/402
f 933/432/432 939/433/433 935/434/434
f 939/433/433 870/435/435 935/434/434
f 945/436/436 939/433/433 942/437/437
f 109/438/39 945/439/436 950/440/438
f 193/67/67 192/66/66 196/69/69
f 151/52/52 150/441/439 153/68/68
f 942/437/437 950/442/438 945/436/436
f 197/70/70 202/73/73 203/72/72
f 951/443/440 954/444/441 1545/445/442
f 202/73/73 206/75/75 207/74/74
f 200/71/71 203/72/72 82/41/41
f 951/443/440 957/446/443 954/444/441
f 200/71/71 80/19/19 77/16/16
f 203/72/72 207/74/74 86/28/28
f 974/447/444 979/448/445 976/449/446
f 976/449/446 981/450/447 877/451/448
f 981/450/447 879/452/449 877/451/448
f 979/448/445 985/453/450 981/450/447
f 985/453/450 883/407/407 981/450/447
f 987/454/451 886/408/408 883/407/407
f 987/454/451 989/455/452 991/456/453
f 987/454/451 994/457/454 889/458/455
f 895/415/415 889/458/455 994/457/454
f 991/456/453 997/459/456 994/457/454
f 994/457/454 900/417/417 895/415/415
f 996/460/457 1002/461/458 997/459/456
f 997/459/456 903/419/419 900/417/417
f 1000/462/459 1005/463/460 1002/461/458
f 1002/461/458 907/421/421 903/419/419
f 1004/464/461 1009/465/462 1005/463/460
f 1005/463/460 912/423/423 907/421/421
f 1007/466/463 1013/467/464 1009/465/462
f 1009/465/462 916/425/425 912/423/423
f 1011/468/465 1018/469/466 1013/467/464
f 1013/467/464 920/427/427 916/425/425
f 1016/470/467 1022/471/468 1018/469/466
f 1018/469/466 923/429/429 920/427/427
f 1019/472/469 1024/473/470 1022/471/468
f 1022/471/468 927/474/471 923/429/429
f 1019/472/469 1026/475/472 937/476/473
f 937/476/473 932/477/474 1019/472/469
f 1016/470/467 1028/478/475 1026/475/472
f 1026/475/472 948/479/476 942/437/437
f 1026/475/472 939/433/433 937/476/473
f 1011/468/465 1030/480/477 1028/478/475
f 1028/478/475 951/443/440 948/479/476
f 1007/466/463 1032/481/478 1030/480/477
f 1030/480/477 955/482/479 951/443/440
f 1004/464/461 1034/483/480 1032/481/478
f 1034/483/480 955/482/479 1032/481/478
f 1036/484/481 1038/485/482 1040/486/483
f 1040/486/483 961/487/484 1036/484/481
f 1036/484/481 957/446/443 955/482/479
f 211/76/76 209/80/80 213/77/77
f 215/78/78 213/77/77 117/46/46
f 207/74/74 211/76/76 90/40/40
f 206/75/75 209/80/80 211/76/76
f 1045/488/485 983/489/486 1547/490/487
f 211/76/76 215/78/78 99/79/79
f 227/85/85 232/139/139 233/87/87
f 221/84/84 226/134/134 227/85/85
f 224/83/83 227/85/85 230/86/86
f 989/455/452 983/489/486 1043/491/488
f 1040/486/483 989/455/452 1043/491/488
f 1038/485/482 991/456/453 989/455/452
f 1034/483/480 996/460/457 1038/485/482
f 219/81/81 224/83/83 125/23/23
f 516/231/231 497/492/489 496/259/259
f 421/181/181 416/228/228 427/186/186
f 354/190/190 343/141/141 342/140/140
f 329/184/184 313/126/126 311/125/125
f 262/148/148 245/92/92 244/91/91
f 99/79/79 1540/29/29 90/40/40
f 1088/493/490 45/494/1 48/495/3
f 49/496/4 1088/493/490 48/495/3
f 1093/497/491 1090/498/492 1095/499/493
f 1099/500/494 1095/499/493 1090/498/492
f 66/501/9 1090/498/492 49/496/4
f 69/502/10 1099/500/494 66/501/9
f 124/26/26 127/24/24 129/47/47
f 129/47/47 133/13/13 135/48/48
f 1539/503/495 83/20/20 82/41/41
f 1112/504/496 1109/505/497 1104/506/498
f 117/46/46 121/22/22 124/26/26
f 1111/507/499 1112/504/496 1550/508/500
f 114/44/44 119/25/25 59/7/7
f 115/45/45 117/46/46 119/25/25
f 1551/509/501 1115/510/502 1116/511/503
f 114/44/44 103/35/35 100/33/33
f 57/6/6 53/2/2 51/31/31
f 103/35/35 114/44/44 57/6/6
f 1129/512/504 1552/513/505 1553/514/506
f 1129/512/504 1553/514/506 1554/515/507
f 109/39/39 106/38/38 51/31/31
f 1543/42/42 51/31/31 45/1/1
f 1135/516/508 1133/517/509 1137/518/510
f 105/36/36 103/35/35 106/38/38
f 1086/519/511 1137/518/510 1555/520/512
f 1542/37/37 97/34/34 100/33/33
f 100/33/33 103/35/35 1542/37/37
f 45/494/1 1555/520/512 43/521/43
f 1541/32/32 99/79/79 100/33/33
f 1093/497/491 1131/522/513 1135/516/508
f 1086/519/511 1093/497/491 1135/516/508
f 1129/512/504 1141/523/514 1143/524/515
f 1148/525/516 1143/524/515 1141/523/514
f 1095/499/493 1141/523/514 1093/497/491
f 1152/526/517 1145/527/518 1148/525/516
f 1097/528/519 1148/525/516 1095/499/493
f 1156/529/520 1150/530/521 1152/526/517
f 1158/531/522 1152/526/517 1097/528/519
f 1162/532/523 1156/529/520 1158/531/522
f 1164/533/524 1158/531/522 1101/534/525
f 1097/528/519 1101/534/525 1158/531/522
f 1168/535/526 1162/532/523 1164/533/524
f 141/536/49 1164/533/524 143/537/11
f 1101/534/525 143/537/11 1164/533/524
f 1107/538/527 148/539/50 1549/540/528
f 1104/506/498 1107/538/527 1549/540/528
f 1170/541/529 145/542/51 1107/538/527
f 1174/543/530 157/544/53 159/545/55
f 1176/546/531 159/545/55 162/547/57
f 1178/548/532 1174/543/530 1176/546/531
f 1179/549/533 1176/546/531 1180/550/534
f 162/547/57 1180/550/534 1176/546/531
f 1181/551/535 178/552/61 181/553/63
f 1182/554/536 187/555/64 1183/556/537
f 1184/557/538 187/555/64 153/558/68
f 153/558/68 1170/541/529 1184/557/538
f 1185/559/539 1184/557/538 1186/560/540
f 1170/541/529 1186/560/540 1184/557/538
f 1107/538/527 1187/561/541 1170/541/529
f 1189/562/542 1186/560/540 1187/561/541
f 1111/507/499 1187/561/541 1109/505/497
f 1191/563/543 1188/564/544 1189/562/542
f 1115/510/502 1189/562/542 1111/507/499
f 1193/565/545 1190/566/546 1191/563/543
f 1118/567/547 1191/563/543 1115/510/502
f 1194/568/548 1193/565/545 1195/569/549
f 1126/570/550 1193/565/545 1118/567/547
f 1145/527/518 1195/569/549 1143/524/515
f 1126/570/550 1143/524/515 1195/569/549
f 1197/571/551 1192/572/552 1194/568/548
f 1150/530/521 1194/568/548 1145/527/518
f 1199/573/553 1196/574/554 1197/571/551
f 1153/575/555 1197/571/551 1150/530/521
f 1201/576/556 1198/577/557 1199/573/553
f 1202/578/558 1199/573/553 1153/575/555
f 1204/579/559 1201/576/556 1202/578/558
f 1205/580/560 1202/578/558 1160/581/561
f 1153/575/555 1160/581/561 1202/578/558
f 1207/582/562 1204/579/559 1205/580/560
f 1208/583/563 1205/580/560 1166/584/564
f 1160/581/561 1166/584/564 1205/580/560
f 1209/585/565 1208/583/563 1210/586/566
f 1212/587/567 1210/586/566 1208/583/563
f 1166/584/564 1212/587/567 1208/583/563
f 251/588/94 1212/587/567 253/589/95
f 1168/535/526 253/589/95 1212/587/567
f 1213/590/568 251/588/94 156/591/97
f 1214/592/569 1211/593/570 1213/590/568
f 1215/594/571 1213/590/568 1171/595/572
f 156/591/97 1171/595/572 1213/590/568
f 1217/596/573 1214/592/569 1215/594/571
f 1218/597/574 1215/594/571 1177/598/575
f 1171/595/572 1177/598/575 1215/594/571
f 1220/599/576 1217/596/573 1218/597/574
f 1221/600/577 1218/597/574 1222/601/578
f 1177/598/575 1222/601/578 1218/597/574
f 1223/602/579 1222/601/578 1224/603/580
f 1178/548/532 1224/603/580 1222/601/578
f 1225/604/581 1224/603/580 1226/605/582
f 1179/549/533 1226/605/582 1224/603/580
f 1228/606/583 1227/607/584 1229/608/585
f 1181/551/535 1229/608/585 1227/607/584
f 1180/550/534 1227/607/584 1179/549/533
f 1231/609/586 1230/610/587 1232/611/588
f 298/612/118 1232/611/588 1230/610/587
f 181/553/63 1230/610/587 1181/551/535
f 1233/613/589 303/614/119 1234/615/590
f 184/616/122 1234/615/590 303/614/119
f 185/617/124 1235/618/591 184/616/122
f 1236/619/592 1235/618/591 1237/620/593
f 1182/554/536 1237/620/593 1235/618/591
f 1183/556/537 1238/621/594 1182/554/536
f 1239/622/595 1238/621/594 1240/623/596
f 1185/559/539 1240/623/596 1238/621/594
f 1186/560/540 1241/624/597 1185/559/539
f 1242/625/598 1241/624/597 1243/626/599
f 1188/564/544 1243/626/599 1241/624/597
f 1198/577/557 1243/626/599 1196/574/554
f 1190/566/546 1196/574/554 1243/626/599
f 1244/627/600 1240/623/596 1242/625/598
f 1200/628/601 1242/625/598 1198/577/557
f 1246/629/602 1239/622/595 1244/627/600
f 1247/630/603 1244/627/600 1200/628/601
f 1249/631/604 1246/629/602 1247/630/603
f 1250/632/605 1247/630/603 1203/633/606
f 1200/628/601 1203/633/606 1247/630/603
f 1251/634/607 1250/632/605 1252/635/608
f 1206/636/609 1252/635/608 1250/632/605
f 1203/633/606 1206/636/609 1250/632/605
f 1254/637/610 1253/638/611 1255/639/612
f 1209/585/565 1255/639/612 1253/638/611
f 1207/582/562 1253/638/611 1206/636/609
f 1256/640/613 1255/639/612 1219/641/614
f 1216/642/615 1219/641/614 1255/639/612
f 1258/643/616 1254/637/610 1256/640/613
f 1259/644/617 1256/640/613 1260/645/618
f 1219/641/614 1260/645/618 1256/640/613
f 1261/646/619 1260/645/618 1262/647/620
f 1220/599/576 1262/647/620 1260/645/618
f 1263/648/621 1262/647/620 1264/649/622
f 1221/600/577 1264/649/622 1262/647/620
f 1265/650/623 1264/649/622 1266/651/624
f 1223/602/579 1266/651/624 1264/649/622
f 1267/652/625 1266/651/624 1268/653/626
f 1225/604/581 1268/653/626 1266/651/624
f 1270/654/627 1269/655/628 1271/656/629
f 1228/606/583 1271/656/629 1269/655/628
f 1226/605/582 1269/655/628 1225/604/581
f 1273/657/630 1272/658/631 1274/659/632
f 1231/609/586 1274/659/632 1272/658/631
f 1229/608/585 1272/658/631 1228/606/583
f 1276/660/633 1275/661/634 1277/662/635
f 1279/663/636 1277/662/635 1275/661/634
f 1232/611/588 1275/661/634 1231/609/586
f 401/664/171 1278/665/637 1279/663/636
f 295/666/172 1279/663/636 1232/611/588
f 1280/667/638 407/668/173 1281/669/639
f 300/670/176 1281/669/639 407/668/173
f 301/671/178 1282/672/640 300/670/176
f 1284/673/641 1281/669/639 1282/672/640
f 1233/613/589 1284/673/641 1282/672/640
f 1234/615/590 1285/674/642 1233/613/589
f 1286/675/643 1285/674/642 1287/676/644
f 1236/619/592 1287/676/644 1285/674/642
f 1248/677/645 1286/675/643 1287/676/644
f 1245/678/646 1248/677/645 1287/676/644
f 1289/679/647 1288/680/648 1290/681/649
f 1251/634/607 1290/681/649 1288/680/648
f 1249/631/604 1288/680/648 1248/677/645
f 1291/682/650 1290/681/649 1292/683/651
f 1257/684/652 1292/683/651 1290/681/649
f 1293/685/653 1292/683/651 1294/686/654
f 1258/643/616 1294/686/654 1292/683/651
f 1295/687/655 1294/686/654 1296/688/656
f 1259/644/617 1296/688/656 1294/686/654
f 1297/689/657 1296/688/656 1298/690/658
f 1261/646/619 1298/690/658 1296/688/656
f 1299/691/659 1298/690/658 1300/692/660
f 1263/648/621 1300/692/660 1298/690/658
f 1301/693/661 1300/692/660 1302/694/662
f 1265/650/623 1302/694/662 1300/692/660
f 1303/695/663 1302/694/662 1304/696/664
f 1267/652/625 1304/696/664 1302/694/662
f 1306/697/665 1305/698/666 1307/699/667
f 1270/654/627 1307/699/667 1305/698/666
f 1268/653/626 1305/698/666 1267/652/625
f 1309/700/668 1308/701/669 1310/702/670
f 1273/657/630 1310/702/670 1308/701/669
f 1271/656/629 1308/701/669 1270/654/627
f 1312/703/671 1311/704/672 1313/705/673
f 1276/660/633 1313/705/673 1311/704/672
f 1274/659/632 1311/704/672 1273/657/630
f 1316/706/674 1313/705/673 1314/707/675
f 1317/708/676 1314/707/675 1318/709/677
f 1277/662/635 1314/707/675 1276/660/633
f 1319/710/678 1318/709/677 1320/711/679
f 1278/665/637 1318/709/677 1277/662/635
f 492/712/218 1320/711/679 493/713/219
f 1278/665/637 493/713/219 1320/711/679
f 1321/714/680 499/715/220 1322/716/681
f 404/717/223 1322/716/681 499/715/220
f 406/718/225 1323/719/682 404/717/223
f 1325/720/683 1322/716/681 1323/719/682
f 1326/721/684 1323/719/682 1280/667/638
f 1280/667/638 1283/722/685 1326/721/684
f 1291/682/650 1325/720/683 1326/721/684
f 1289/679/647 1326/721/684 1283/722/685
f 1293/685/653 1324/723/686 1325/720/683
f 1321/714/680 1324/723/686 1327/724/687
f 1295/687/655 1327/724/687 1324/723/686
f 1328/725/688 1327/724/687 1329/726/689
f 1297/689/657 1329/726/689 1327/724/687
f 1330/727/690 1329/726/689 1331/728/691
f 1299/691/659 1331/728/691 1329/726/689
f 1332/729/692 1331/728/691 1333/730/693
f 1301/693/661 1333/730/693 1331/728/691
f 1334/731/694 1333/730/693 1335/732/695
f 1303/695/663 1335/732/695 1333/730/693
f 1338/733/696 1335/732/695 1336/734/697
f 1339/735/698 1336/734/697 1306/697/665
f 1304/696/664 1336/734/697 1303/695/663
f 1341/736/699 1338/733/696 1339/735/698
f 1342/737/700 1339/735/698 1309/700/668
f 1306/697/665 1309/700/668 1339/735/698
f 1344/738/701 1341/736/699 1342/737/700
f 1345/739/702 1342/737/700 1312/703/671
f 1310/702/670 1342/737/700 1309/700/668
f 1347/740/703 1344/738/701 1345/739/702
f 1348/741/704 1345/739/702 1315/742/705
f 1312/703/671 1315/742/705 1345/739/702
f 1350/743/706 1347/740/703 1348/741/704
f 1351/744/707 1348/741/704 1352/745/708
f 1315/742/705 1352/745/708 1348/741/704
f 1353/746/709 1352/745/708 1354/747/710
f 1316/706/674 1354/747/710 1352/745/708
f 1355/748/711 1354/747/710 1356/749/712
f 1317/708/676 1356/749/712 1354/747/710
f 573/750/256 1356/749/712 576/751/257
f 1319/710/678 576/751/257 1356/749/712
f 1332/729/692 582/752/258 1330/727/690
f 496/753/259 1330/727/690 582/752/258
f 1334/731/694 579/754/260 1332/729/692
f 1357/755/713 578/756/261 1334/731/694
f 1358/757/714 583/758/263 1357/755/713
f 1359/759/715 1357/755/713 1337/760/716
f 1334/731/694 1337/760/716 1357/755/713
f 1361/761/717 1358/757/714 1359/759/715
f 1340/762/718 1361/761/717 1359/759/715
f 1337/760/716 1340/762/718 1359/759/715
f 1364/763/719 1361/761/717 1362/764/720
f 1365/765/721 1362/764/720 1343/766/722
f 1340/762/718 1343/766/722 1362/764/720
f 1367/767/723 1364/763/719 1365/765/721
f 1368/768/724 1365/765/721 1346/769/725
f 1343/766/722 1346/769/725 1365/765/721
f 1370/770/726 1367/767/723 1368/768/724
f 1371/771/727 1368/768/724 1349/772/728
f 1346/769/725 1349/772/728 1368/768/724
f 1373/773/729 1370/770/726 1371/771/727
f 1374/774/730 1371/771/727 1375/775/731
f 1349/772/728 1375/775/731 1371/771/727
f 1376/776/732 1375/775/731 1377/777/733
f 1350/743/706 1377/777/733 1375/775/731
f 1378/778/734 1377/777/733 1379/779/735
f 1351/744/707 1379/779/735 1377/777/733
f 1380/780/736 1379/779/735 1381/781/737
f 1353/746/709 1381/781/737 1379/779/735
f 638/782/288 1381/781/737 640/783/289
f 1355/748/711 640/783/289 1381/781/737
f 1382/784/738 642/785/290 1360/786/739
f 587/787/293 1360/786/739 642/785/290
f 1383/788/740 644/789/294 1382/784/738
f 1384/790/741 1382/784/738 1363/791/742
f 1360/786/739 1363/791/742 1382/784/738
f 1386/792/743 1383/788/740 1384/790/741
f 1387/793/744 1384/790/741 1366/794/745
f 1363/791/742 1366/794/745 1384/790/741
f 1389/795/746 1386/792/743 1387/793/744
f 1390/796/747 1387/793/744 1369/797/748
f 1366/794/745 1369/797/748 1387/793/744
f 1392/798/749 1389/795/746 1390/796/747
f 1393/799/750 1390/796/747 1372/800/751
f 1369/797/748 1372/800/751 1390/796/747
f 1395/801/752 1392/798/749 1393/799/750
f 1396/802/753 1393/799/750 1397/803/754
f 1372/800/751 1397/803/754 1393/799/750
f 1398/804/755 1397/803/754 1399/805/756
f 1373/773/729 1399/805/756 1397/803/754
f 1400/806/757 1399/805/756 1401/807/758
f 1374/774/730 1401/807/758 1399/805/756
f 1402/808/759 1401/807/758 1403/809/760
f 1376/776/732 1403/809/760 1401/807/758
f 1404/810/761 1403/809/760 1405/811/762
f 1378/778/734 1405/811/762 1403/809/760
f 696/812/318 1405/811/762 698/813/319
f 1380/780/736 698/813/319 1405/811/762
f 1406/814/763 699/815/320 1385/816/764
f 647/817/323 1385/816/764 699/815/320
f 705/818/324 1406/814/763 1407/819/765
f 1408/820/766 1406/814/763 1388/821/767
f 1385/816/764 1388/821/767 1406/814/763
f 1410/822/768 1407/819/765 1408/820/766
f 1411/823/769 1408/820/766 1391/824/770
f 1388/821/767 1391/824/770 1408/820/766
f 1413/825/771 1410/822/768 1411/823/769
f 1414/826/772 1411/823/769 1394/827/773
f 1391/824/770 1394/827/773 1411/823/769
f 1416/828/774 1413/825/771 1414/826/772
f 1417/829/775 1414/826/772 1418/830/776
f 1394/827/773 1418/830/776 1414/826/772
f 1419/831/777 1418/830/776 1420/832/778
f 1395/801/752 1420/832/778 1418/830/776
f 1421/833/779 1420/832/778 1422/834/780
f 1396/802/753 1422/834/780 1420/832/778
f 1423/835/781 1422/834/780 1424/836/782
f 1398/804/755 1424/836/782 1422/834/780
f 1425/837/783 1424/836/782 1426/838/784
f 1400/806/757 1426/838/784 1424/836/782
f 1427/839/785 1426/838/784 1428/840/786
f 1402/808/759 1428/840/786 1426/838/784
f 752/841/347 1428/840/786 754/842/348
f 1404/810/761 754/842/348 1428/840/786
f 1429/843/787 756/844/349 1409/845/788
f 705/818/324 1409/845/788 756/844/349
f 1430/846/789 758/847/352 1429/843/787
f 1431/848/790 1429/843/787 1412/849/791
f 1409/845/788 1412/849/791 1429/843/787
f 1433/850/792 1430/846/789 1431/848/790
f 1434/851/793 1431/848/790 1415/852/794
f 1412/849/791 1415/852/794 1431/848/790
f 1436/853/795 1433/850/792 1434/851/793
f 1437/854/796 1434/851/793 1438/855/797
f 1415/852/794 1438/855/797 1434/851/793
f 1439/856/798 1438/855/797 1440/857/799
f 1416/828/774 1440/857/799 1438/855/797
f 1441/858/800 1440/857/799 1442/859/801
f 1417/829/775 1442/859/801 1440/857/799
f 1444/860/802 1441/858/800 1442/859/801
f 1419/831/777 1444/860/802 1442/859/801
f 1446/861/803 1443/862/804 1444/860/802
f 1421/833/779 1446/861/803 1444/860/802
f 1447/863/805 1446/861/803 1448/864/806
f 1423/835/781 1448/864/806 1446/861/803
f 1449/865/807 1448/864/806 1450/866/808
f 1425/837/783 1450/866/808 1448/864/806
f 805/867/373 1450/866/808 807/868/374
f 1427/839/785 807/868/374 1450/866/808
f 1432/869/809 812/870/375 810/871/377
f 762/872/378 1432/869/809 810/871/377
f 815/873/380 1451/874/810 1452/875/811
f 1435/876/812 1452/875/811 1451/874/810
f 1432/869/809 1435/876/812 1451/874/810
f 1454/877/813 1453/878/814 1455/879/815
f 1457/880/816 1455/879/815 1453/878/814
f 1436/853/795 1453/878/814 1435/876/812
f 1459/881/817 1456/882/818 1457/880/816
f 1437/854/796 1457/880/816 1436/853/795
f 1461/883/819 1458/884/820 1459/881/817
f 1439/856/798 1459/881/817 1437/854/796
f 1463/885/821 1460/886/822 1461/883/819
f 1441/858/800 1461/883/819 1439/856/798
f 1465/887/823 1462/888/824 1463/885/821
f 1443/862/804 1463/885/821 1441/858/800
f 1467/889/825 1464/890/826 1465/887/823
f 1445/891/827 1465/887/823 1443/862/804
f 1469/892/828 1466/893/829 1467/889/825
f 1447/863/805 1467/889/825 1445/891/827
f 1471/894/830 1468/895/831 1469/892/828
f 1449/865/807 1469/892/828 1447/863/805
f 860/896/403 1470/897/832 1471/894/830
f 805/867/373 1471/894/830 1449/865/807
f 1454/877/813 864/898/404 861/899/405
f 1452/875/811 861/899/405 815/873/380
f 1473/900/833 882/901/406 1474/902/834
f 867/903/409 1474/902/834 882/901/406
f 867/903/409 1472/904/835 1475/905/836
f 1477/906/837 1474/902/834 1475/905/836
f 1478/907/838 1475/905/836 1472/904/835
f 1472/904/835 1455/879/815 1478/907/838
f 1480/908/839 1477/906/837 1478/907/838
f 1456/882/818 1478/907/838 1455/879/815
f 1482/909/840 1479/910/841 1480/908/839
f 1458/884/820 1480/908/839 1456/882/818
f 1484/911/842 1481/912/843 1482/909/840
f 1460/886/822 1482/909/840 1458/884/820
f 1486/913/844 1483/914/845 1484/911/842
f 1462/888/824 1484/911/842 1460/886/822
f 1488/915/846 1485/916/847 1486/913/844
f 1464/890/826 1486/913/844 1462/888/824
f 1490/917/848 1487/918/849 1488/915/846
f 1466/893/829 1488/915/846 1464/890/826
f 1492/919/850 1489/920/851 1490/917/848
f 1468/895/831 1490/917/848 1466/893/829
f 1494/921/852 1491/922/853 1492/919/850
f 1470/897/832 1492/919/850 1468/895/831
f 929/923/430 1493/924/854 1494/921/852
f 858/925/431 1494/921/852 1470/897/832
f 1496/926/855 933/927/432 935/928/434
f 870/929/435 1496/926/855 935/928/434
f 187/64/64 192/66/66 193/67/67
f 187/64/64 185/124/124 189/65/65
f 1498/930/856 1496/926/855 1556/931/857
f 178/61/61 176/60/60 179/62/62
f 1500/932/858 1497/933/859 1498/930/856
f 176/60/60 178/61/61 162/57/57
f 1499/934/860 1500/932/858 1557/935/861
f 167/56/56 171/58/58 174/59/59
f 165/54/54 169/104/104 171/58/58
f 1558/936/862 1501/937/863 1502/938/864
f 159/55/55 165/54/54 167/56/56
f 157/53/53 163/101/101 165/54/54
f 1504/939/865 974/940/444 976/941/446
f 1505/942/866 976/941/446 877/943/448
f 879/944/449 1505/942/866 877/943/448
f 1507/945/867 1504/939/865 1505/942/866
f 1473/900/833 1507/945/867 1505/942/866
f 1474/902/834 1508/946/868 1473/900/833
f 1509/947/869 1508/946/868 1510/948/870
f 1511/949/871 1508/946/868 1476/950/872
f 1476/950/872 1479/910/841 1511/949/871
f 1513/951/873 1510/948/870 1511/949/871
f 1481/912/843 1511/949/871 1479/910/841
f 1515/952/874 1512/953/875 1513/951/873
f 1483/914/845 1513/951/873 1481/912/843
f 1517/954/876 1514/955/877 1515/952/874
f 1485/916/847 1515/952/874 1483/914/845
f 1519/956/878 1516/957/879 1517/954/876
f 1487/918/849 1517/954/876 1485/916/847
f 1521/958/880 1518/959/881 1519/956/878
f 1489/920/851 1519/956/878 1487/918/849
f 1523/960/882 1520/961/883 1521/958/880
f 1491/922/853 1521/958/880 1489/920/851
f 1525/962/884 1522/963/885 1523/960/882
f 1493/924/854 1523/960/882 1491/922/853
f 1024/964/470 1524/965/886 1525/962/884
f 927/966/471 1525/962/884 1493/924/854
f 1526/967/887 1524/965/886 1495/968/888
f 932/969/474 1495/968/888 1524/965/886
f 1527/970/889 1522/963/885 1526/967/887
f 1499/934/860 1526/967/887 1497/933/859
f 1496/926/855 1526/967/887 1495/968/888
f 1528/971/890 1520/961/883 1527/970/889
f 1501/937/863 1527/970/889 1499/934/860
f 1529/972/891 1518/959/881 1528/971/890
f 1503/973/892 1528/971/890 1501/937/863
f 1530/974/893 1516/957/879 1529/972/891
f 1503/973/892 1530/974/893 1529/972/891
f 1532/975/894 1531/976/895 1533/977/896
f 1559/978/897 1533/977/896 1531/976/895
f 1558/936/862 1531/976/895 1503/973/892
f 1043/491/488 1045/488/485 1546/979/898
f 209/80/80 218/82/82 219/81/81
f 145/51/51 150/441/439 151/52/52
f 148/50/50 145/51/51 77/16/16
f 1506/980/899 1536/981/900 1537/982/901
f 218/82/82 221/84/84 224/83/83
f 1537/982/901 1504/939/865 1506/980/899
f 213/77/77 219/81/81 121/22/22
f 115/45/45 100/33/33 99/79/79
f 1506/980/899 1509/947/869 1535/983/902
f 1509/947/869 1533/977/896 1535/983/902
f 1510/948/870 1532/975/894 1509/947/869
f 1512/953/875 1530/974/893 1532/975/894
f 1533/977/896 1534/984/903 1560/985/904
f 497/986/489 1328/725/688 496/753/259
f 1283/722/685 1286/675/643 1289/679/647
f 1252/635/608 1257/684/652 1251/634/607
f 1237/620/593 1245/678/646 1236/619/592
f 1210/586/566 1216/642/615 1209/585/565
f 1551/509/501 1126/570/550 1118/567/547
f 2/987/905 84/988/905 461/989/905
f 142/990/906 222/991/907 136/992/907
f 149/993/908 217/994/909 144/995/909
f 158/996/910 214/997/911 154/998/911
f 330/999/912 210/1000/913 161/1001/913
f 173/1002/914 205/1003/915 170/1004/915
f 182/1005/916 1064/1006/917 177/1007/917
f 190/1008/918 1066/1009/919 183/1010/919
f 195/1011/920 1068/1012/921 194/1013/921
f 199/1014/922 1069/1015/920 195/1011/920
f 314/1016/923 1072/1017/924 316/1018/924
f 310/1019/925 1074/1020/926 312/1021/926
f 306/1022/927 1076/1023/928 308/1024/928
f 302/1025/929 1078/1026/930 304/1027/930
f 297/1028/931 1080/1029/932 299/1030/932
f 294/1031/933 1082/1032/934 296/1033/934
f 290/1034/935 1084/1035/936 292/1036/936
f 286/1037/937 1087/1038/938 288/1039/938
f 281/1040/939 1091/1041/940 284/1042/940
f 277/1043/941 1094/1044/942 280/1045/942
f 273/1046/943 1098/1047/944 275/1048/944
f 269/1049/945 1102/1050/946 271/1051/946
f 265/1052/947 1105/1053/948 267/1054/948
f 261/1055/949 1108/1056/950 263/1057/950
f 257/1058/951 1113/1059/952 259/1060/952
f 254/1061/953 1117/1062/954 255/1063/954
f 250/1064/955 1120/1065/956 252/1066/956
f 246/1067/957 1122/1068/958 248/1069/958
f 243/1070/959 1123/1071/957 246/1067/957
f 242/1072/960 1124/1073/959 243/1070/959
f 240/1074/961 1125/1075/960 242/1072/960
f 238/1076/962 1127/1077/961 240/1074/961
f 236/1078/963 1128/1079/962 238/1076/962
f 234/1080/964 1130/1081/963 236/1078/963
f 231/1082/965 1132/1083/964 234/1080/964
f 228/1084/966 1136/1085/967 229/1086/967
f 225/1087/968 1138/1088/966 228/1084/966
f 1542/1089/37 1545/1090/442 954/1091/441
f 1140/1092/969 1546/1093/898 1045/1094/485
f 223/1095/969 76/1096/17 83/1097/20
f 197/70/70 200/71/71 151/52/52
f 1144/1098/906 974/1099/444 1561/1100/970
f 217/994/909 1104/1101/498 1549/1102/528
f 870/1103/435 43/1104/43 1555/1105/512
f 1551/1106/501 214/997/911 1552/1107/505
f 210/1000/913 1151/1108/910 212/1109/910
f 205/1110/915 1155/1111/971 208/1112/971
f 1064/1113/917 1159/1114/914 204/1115/914
f 1066/1116/919 1163/1117/916 1065/1118/916
f 1068/1119/921 1167/1120/918 1067/1121/918
f 1/1122/924 318/1123/922 199/1014/922
f 5/1124/926 314/1125/923 3/1126/923
f 9/1127/928 310/1128/925 8/1129/925
f 13/1130/930 306/1131/927 11/1132/927
f 17/1133/932 302/1134/929 15/1135/929
f 21/1136/934 297/1137/931 19/1138/931
f 25/1139/936 294/1140/933 24/1141/933
f 29/1142/938 290/1143/935 27/1144/935
f 34/1145/940 286/1146/937 31/1147/937
f 37/1148/942 281/1149/939 35/1150/939
f 41/1151/944 277/1152/941 39/1153/941
f 47/1154/946 273/1155/943 44/1156/943
f 58/1157/948 269/1158/945 54/1159/945
f 65/1160/950 265/1161/947 62/1162/947
f 72/1163/952 261/1164/949 67/1165/949
f 78/1166/954 257/1167/951 74/1168/951
f 85/1169/956 254/1170/953 79/1171/953
f 92/1172/958 250/1173/955 89/1174/955
f 96/1175/959 246/1176/957 94/1177/957
f 104/1178/961 242/1179/960 101/1180/960
f 138/1181/972 447/1182/973 33/1183/974
f 46/1184/975 400/1185/976 160/1186/977
f 140/1187/978 385/1188/979 36/1189/980
f 50/1190/981 405/1191/982 164/1192/983
f 146/1193/984 392/1194/985 38/1195/986
f 52/1196/987 455/1197/988 168/1198/989
f 147/1199/990 387/1200/991 40/1201/992
f 56/1202/993 453/1203/994 172/1204/995
f 152/1205/996 393/1206/997 42/1207/998
f 60/1208/999 430/1209/1000 175/1210/1001
f 155/1211/1002 397/1212/1003 46/1184/975
f 63/1213/1004 424/1214/1005 180/1215/1006
f 84/1216/1007 441/1217/1008 445/1218/1009
f 160/1186/977 402/1219/1010 50/1190/981
f 70/1220/1011 422/1221/1012 186/1222/1013
f 88/1223/1014 347/1224/1015 349/1225/1016
f 164/1192/983 403/1226/1017 52/1196/987
f 188/1227/1018 433/1228/1019 415/1229/1020
f 91/1230/1021 352/1231/1022 344/1232/1023
f 168/1198/989 457/1233/1024 56/1234/993
f 191/1235/1025 418/1236/1026 420/1237/1027
f 93/1238/1028 346/1239/1029 353/1240/1030
f 172/1204/995 428/1241/1031 60/1208/999
f 198/1242/1032 413/1243/1033 411/1244/1034
f 95/1245/1035 355/1246/1036 337/1247/1037
f 175/1210/1001 432/1248/1038 63/1213/1004
f 201/1249/1039 409/1250/1040 449/1251/1041
f 98/1252/1042 339/1253/1043 341/1254/1044
f 180/1215/1006 426/1255/1045 70/1220/1011
f 4/1256/1046 445/1218/1009 347/1224/1015
f 102/1257/1047 336/1258/1048 334/1259/1049
f 186/1222/1013 433/1228/1019 71/1260/1050
f 6/1261/1051 349/1225/1016 352/1231/1022
f 108/1262/1052 331/1263/1053 439/1264/1054
f 73/1265/1055 415/1229/1020 418/1236/1026
f 7/1266/1056 344/1232/1023 346/1239/1029
f 111/1267/1057 437/1268/1058 435/1269/1059
f 75/1270/1060 420/1237/1027 413/1243/1033
f 10/1271/1061 353/1240/1030 355/1246/1036
f 112/1272/1062 360/1273/1063 358/1274/1064
f 81/1275/1065 411/1244/1034 409/1250/1040
f 12/1276/1066 337/1247/1037 339/1253/1043
f 116/1277/1067 366/1278/1068 368/1279/1069
f 2/1280/1070 449/1251/1041 441/1217/1008
f 14/1281/1071 341/1254/1044 336/1258/1048
f 120/1282/1072 363/1283/1073 362/1284/1074
f 16/1285/1075 334/1259/1049 331/1263/1053
f 26/1286/1076 374/1287/1077 123/1288/1078
f 18/1289/1079 439/1264/1054 437/1268/1058
f 28/1290/1080 381/1291/1081 128/1292/1082
f 20/1293/1083 435/1269/1059 360/1273/1063
f 30/1294/1084 380/1295/1085 134/1296/1086
f 22/1297/1087 358/1274/1064 366/1278/1068
f 32/1298/1088 443/1299/1089 138/1181/972
f 23/1300/1090 368/1279/1069 363/1283/1073
f 33/1183/974 452/1301/1091 140/1187/978
f 26/1286/1076 362/1284/1074 370/1302/1092
f 36/1189/980 384/1303/1093 146/1193/984
f 123/1288/1078 372/1304/1094 28/1290/1080
f 38/1195/986 389/1305/1095 147/1199/990
f 128/1292/1082 376/1306/1096 30/1294/1084
f 40/1201/992 408/1307/1097 152/1205/996
f 134/1296/1086 378/1308/1098 32/1298/1088
f 42/1207/998 396/1309/1099 155/1211/1002
f 21/1310/1100 19/1311/1100 459/1312/1100
f 19/1311/1100 17/1313/1100 459/1312/1100
f 17/1313/1100 15/1314/1100 459/1312/1100
f 15/1314/1100 13/1315/1100 459/1312/1100
f 13/1315/1100 11/1316/1100 459/1312/1100
f 11/1316/1100 9/1317/1100 459/1312/1100
f 9/1317/1100 8/1318/1100 459/1312/1100
f 8/1318/1100 5/1319/1100 459/1312/1100
f 5/1319/1100 3/1320/1100 459/1312/1100
f 3/1320/1100 1/1321/1100 459/1312/1100
f 1/1321/1100 199/1322/1100 459/1312/1100
f 199/1322/1100 195/1323/1100 459/1312/1100
f 195/1323/1100 194/1324/1100 459/1312/1100
f 194/1324/1100 190/1325/1100 459/1312/1100
f 190/1325/1100 183/1326/1100 459/1312/1100
f 183/1326/1100 182/1327/1100 459/1312/1100
f 182/1327/1100 177/1328/1100 459/1312/1100
f 177/1328/1100 173/1329/1100 459/1312/1100
f 173/1329/1100 170/1330/1100 459/1312/1100
f 170/1330/1100 166/1331/1100 459/1312/1100
f 330/1332/1100 459/1312/1100 166/1331/1100
f 161/1333/1100 158/1334/1100 459/1312/1100
f 158/1334/1100 154/1335/1100 459/1312/1100
f 154/1335/1100 149/1336/1100 459/1312/1100
f 149/1336/1100 144/1337/1100 459/1312/1100
f 144/1337/1100 142/1338/1100 459/1312/1100
f 142/1338/1100 136/1339/1100 459/1312/1100
f 136/1339/1100 131/1340/1100 459/1312/1100
f 131/1340/1100 130/1341/1100 459/1312/1100
f 130/1341/1100 126/1342/1100 459/1312/1100
f 126/1342/1100 122/1343/1100 459/1312/1100
f 323/1344/1100 459/1312/1100 122/1343/1100
f 118/1345/1100 113/1346/1100 459/1312/1100
f 113/1346/1100 110/1347/1100 459/1312/1100
f 110/1347/1100 107/1348/1100 459/1312/1100
f 107/1348/1100 104/1349/1100 459/1312/1100
f 104/1349/1100 101/1350/1100 459/1312/1100
f 101/1350/1100 96/1351/1100 459/1312/1100
f 96/1351/1100 94/1352/1100 459/1312/1100
f 94/1352/1100 92/1353/1100 459/1312/1100
f 92/1353/1100 89/1354/1100 459/1312/1100
f 89/1354/1100 85/1355/1100 459/1312/1100
f 85/1355/1100 79/1356/1100 459/1312/1100
f 79/1356/1100 78/1357/1100 459/1312/1100
f 78/1357/1100 74/1358/1100 459/1312/1100
f 74/1358/1100 72/1359/1100 459/1312/1100
f 72/1359/1100 67/1360/1100 459/1312/1100
f 67/1360/1100 65/1361/1100 459/1312/1100
f 65/1361/1100 62/1362/1100 459/1312/1100
f 62/1362/1100 58/1363/1100 459/1312/1100
f 58/1363/1100 54/1364/1100 459/1312/1100
f 54/1364/1100 47/1365/1100 459/1312/1100
f 47/1365/1100 44/1366/1100 459/1312/1100
f 44/1366/1100 41/1367/1100 459/1312/1100
f 41/1367/1100 39/1368/1100 459/1312/1100
f 39/1368/1100 37/1369/1100 459/1312/1100
f 37/1369/1100 35/1370/1100 459/1312/1100
f 35/1370/1100 34/1371/1100 459/1312/1100
f 34/1371/1100 31/1372/1100 459/1312/1100
f 31/1372/1100 29/1373/1100 459/1312/1100
f 29/1373/1100 27/1374/1100 459/1312/1100
f 27/1374/1100 25/1375/1100 459/1312/1100
f 25/1375/1100 24/1376/1100 459/1312/1100
f 24/1376/1100 21/1310/1100 459/1312/1100
f 84/988/905 4/1377/905 461/989/905
f 4/1377/905 88/1378/905 461/989/905
f 88/1378/905 6/1379/905 461/989/905
f 6/1379/905 91/1380/905 461/989/905
f 91/1380/905 7/1381/905 461/989/905
f 7/1381/905 93/1382/905 461/989/905
f 93/1382/905 10/1383/905 461/989/905
f 10/1383/905 95/1384/905 461/989/905
f 95/1384/905 12/1385/905 461/989/905
f 12/1385/905 98/1386/905 461/989/905
f 98/1386/905 14/1387/905 461/989/905
f 14/1387/905 102/1388/905 461/989/905
f 102/1388/905 16/1389/905 461/989/905
f 16/1389/905 108/1390/905 461/989/905
f 108/1390/905 18/1391/905 461/989/905
f 18/1391/905 111/1392/905 461/989/905
f 111/1392/905 20/1393/905 461/989/905
f 20/1393/905 112/1394/905 461/989/905
f 112/1394/905 22/1395/905 461/989/905
f 22/1395/905 116/1396/905 461/989/905
f 116/1396/905 23/1397/905 461/989/905
f 23/1397/905 120/1398/905 461/989/905
f 120/1398/905 26/1399/905 461/989/905
f 26/1399/905 123/1400/905 461/989/905
f 123/1400/905 28/1401/905 461/989/905
f 28/1401/905 128/1402/905 461/989/905
f 128/1402/905 30/1403/905 461/989/905
f 30/1403/905 134/1404/905 461/989/905
f 134/1404/905 32/1405/905 461/989/905
f 32/1405/905 138/1406/905 461/989/905
f 138/1406/905 33/1407/905 461/989/905
f 33/1407/905 140/1408/905 461/989/905
f 140/1408/905 36/1409/905 461/989/905
f 36/1409/905 146/1410/905 461/989/905
f 146/1410/905 38/1411/905 461/989/905
f 38/1411/905 147/1412/905 461/989/905
f 147/1412/905 40/1413/905 461/989/905
f 40/1413/905 152/1414/905 461/989/905
f 152/1414/905 42/1415/905 461/989/905
f 42/1415/905 155/1416/905 461/989/905
f 155/1416/905 46/1417/905 461/989/905
f 46/1417/905 160/1418/905 461/989/905
f 160/1418/905 50/1419/905 461/989/905
f 50/1419/905 164/1420/905 461/989/905
f 164/1420/905 52/1421/905 461/989/905
f 52/1421/905 168/1422/905 461/989/905
f 168/1422/905 56/1423/905 461/989/905
f 56/1423/905 172/1424/905 461/989/905
f 172/1424/905 60/1425/905 461/989/905
f 60/1425/905 175/1426/905 461/989/905
f 175/1426/905 63/1427/905 461/989/905
f 63/1427/905 180/1428/905 461/989/905
f 180/1428/905 70/1429/905 461/989/905
f 70/1429/905 186/1430/905 461/989/905
f 186/1430/905 71/1431/905 461/989/905
f 71/1431/905 188/1432/905 461/989/905
f 188/1432/905 73/1433/905 461/989/905
f 73/1433/905 191/1434/905 461/989/905
f 191/1434/905 75/1435/905 461/989/905
f 75/1435/905 198/1436/905 461/989/905
f 198/1436/905 81/1437/905 461/989/905
f 81/1437/905 201/1438/905 461/989/905
f 201/1438/905 2/987/905 461/989/905
f 318/1439/922 1172/1440/920 1069/1441/920
f 1142/1442/907 1547/1443/487 1548/1444/1101
f 220/1445/906 148/1446/50 1538/1447/18
f 1543/1448/42 870/1449/435 1544/1450/1102
f 1147/1451/908 1537/1452/901 1536/1453/900
f 216/1454/908 1550/1455/500 1112/1456/496
f 1500/1457/858 1133/1458/509 1557/1459/861
f 212/1109/910 1149/1460/911 214/997/911
f 319/1461/912 1154/1462/913 210/1000/913
f 204/1115/914 1157/1463/915 205/1110/915
f 1065/1118/916 1161/1464/917 1064/1113/917
f 1067/1121/918 1165/1465/919 1066/1116/919
f 1069/1441/920 1169/1466/921 1068/1119/921
f 3/1126/923 316/1467/924 1/1122/924
f 8/1129/925 312/1468/926 5/1124/926
f 11/1132/927 308/1469/928 9/1127/928
f 15/1135/929 304/1470/930 13/1130/930
f 19/1138/931 299/1471/932 17/1133/932
f 24/1141/933 296/1472/934 21/1136/934
f 27/1144/935 292/1473/936 25/1139/936
f 31/1147/937 288/1474/938 29/1142/938
f 35/1150/939 284/1475/940 34/1145/940
f 39/1153/941 280/1476/942 37/1148/942
f 44/1156/943 275/1477/944 41/1151/944
f 54/1159/945 271/1478/946 47/1154/946
f 62/1162/947 267/1479/948 58/1157/948
f 67/1165/949 263/1480/950 65/1160/950
f 74/1168/951 259/1481/952 72/1163/952
f 79/1171/953 255/1482/954 78/1166/954
f 89/1174/955 252/1483/956 85/1169/956
f 94/1177/957 248/1484/958 92/1172/958
f 101/1180/960 243/1485/959 96/1175/959
f 107/1486/962 240/1487/961 104/1178/961
f 110/1488/963 238/1489/962 107/1486/962
f 113/1490/964 236/1491/963 110/1488/963
f 118/1492/965 234/1493/964 113/1490/964
f 126/1494/966 229/1086/967 122/1495/967
f 130/1496/968 228/1084/966 126/1494/966
f 131/1497/969 225/1087/968 130/1496/968
f 136/992/907 223/1095/969 131/1497/969
f 144/995/909 220/1498/906 142/1499/906
f 154/998/911 216/1454/908 149/993/908
f 161/1001/913 212/1109/910 158/996/910
f 170/1004/915 208/1500/971 166/1501/971
f 177/1007/917 204/1502/914 173/1002/914
f 183/1010/919 1065/1503/916 182/1005/916
f 194/1013/921 1067/1504/918 190/1008/918
f 322/1505/1103 1175/1506/1103 1136/1085/967
f 319/1461/912 166/1501/971 208/1500/971
f 319/1507/912 1155/1111/971 1070/1508/912
f 312/1021/926 1073/1509/923 314/1016/923
f 308/1024/928 1075/1510/925 310/1019/925
f 304/1027/930 1077/1511/927 306/1022/927
f 299/1030/932 1079/1512/929 302/1025/929
f 296/1033/934 1081/1513/931 297/1028/931
f 292/1036/936 1083/1514/933 294/1031/933
f 288/1039/938 1085/1515/935 290/1034/935
f 284/1042/940 1089/1516/937 286/1037/937
f 280/1045/942 1092/1517/939 281/1040/939
f 275/1048/944 1096/1518/941 277/1043/941
f 271/1051/946 1100/1519/943 273/1046/943
f 267/1054/948 1103/1520/945 269/1049/945
f 263/1057/950 1106/1521/947 265/1052/947
f 259/1060/952 1110/1522/949 261/1055/949
f 255/1063/954 1114/1523/951 257/1058/951
f 252/1066/956 1119/1524/953 254/1061/953
f 713/1525/1104 712/1526/1105 706/1527/1106
f 718/1528/1107 710/1529/1108 712/1526/1105
f 719/1530/1109 708/1531/1110 710/1529/1108
f 722/1532/1111 704/1533/1112 708/1531/1110
f 723/1534/1113 718/1528/1107 713/1525/1104
f 727/1535/1114 719/1530/1109 718/1528/1107
f 729/1536/1115 722/1532/1111 719/1530/1109
f 731/1537/1116 716/1538/1117 722/1532/1111
f 733/1539/1118 727/1535/1114 723/1534/1113
f 737/1540/1119 729/1536/1115 727/1535/1114
f 739/1541/1120 731/1537/1116 729/1536/1115
f 741/1542/1121 725/1543/1122 731/1537/1116
f 743/1544/1123 737/1540/1119 733/1539/1118
f 747/1545/1124 739/1541/1120 737/1540/1119
f 749/1546/1125 741/1542/1121 739/1541/1120
f 751/1547/1126 735/1548/1127 741/1542/1121
f 753/1549/1128 747/1545/1124 743/1544/1123
f 757/1550/1129 749/1546/1125 747/1545/1124
f 759/1551/1130 751/1547/1126 749/1546/1125
f 761/1552/1131 746/1553/1132 751/1547/1126
f 764/1554/1133 757/1550/1129 753/1549/1128
f 767/1555/1134 759/1551/1130 757/1550/1129
f 769/1556/1135 761/1552/1131 759/1551/1130
f 771/1557/1136 755/1558/1137 761/1552/1131
f 773/1559/1138 767/1555/1134 764/1554/1133
f 777/1560/1139 769/1556/1135 767/1555/1134
f 780/1561/1140 771/1557/1136 769/1556/1135
f 781/1562/1141 765/1563/1142 771/1557/1136
f 783/1564/1143 777/1560/1139 773/1559/1138
f 787/1565/1144 780/1561/1140 777/1560/1139
f 789/1566/1145 781/1562/1141 780/1561/1140
f 791/1567/1146 775/1568/1147 781/1562/1141
f 794/1569/1148 787/1565/1144 783/1564/1143
f 798/1570/1149 789/1566/1145 787/1565/1144
f 800/1571/1150 791/1567/1146 789/1566/1145
f 802/1572/1151 785/1573/1152 791/1567/1146
f 803/1574/1153 798/1570/1149 794/1569/1148
f 808/1575/1154 800/1571/1150 798/1570/1149
f 809/1576/1155 802/1572/1151 800/1571/1150
f 811/1577/1156 795/1578/1157 802/1572/1151
f 814/1579/1158 808/1575/1154 803/1574/1153
f 818/1580/1159 809/1576/1155 808/1575/1154
f 820/1581/1160 811/1577/1156 809/1576/1155
f 822/1582/1161 806/1583/1162 811/1577/1156
f 824/1584/1163 818/1580/1159 814/1579/1158
f 828/1585/1164 820/1581/1160 818/1580/1159
f 830/1586/1165 822/1582/1161 820/1581/1160
f 831/1587/1166 816/1588/1167 822/1582/1161
f 833/1589/1168 828/1585/1164 824/1584/1163
f 837/1590/1169 830/1586/1165 828/1585/1164
f 839/1591/1170 831/1587/1166 830/1586/1165
f 841/1592/1171 826/1593/1172 831/1587/1166
f 844/1594/1173 837/1590/1169 833/1589/1168
f 847/1595/1174 839/1591/1170 837/1590/1169
f 850/1596/1175 841/1592/1171 839/1591/1170
f 852/1597/1176 835/1598/1177 841/1592/1171
f 854/1599/1178 847/1595/1174 844/1594/1173
f 857/1600/1179 850/1596/1175 847/1595/1174
f 859/1601/1180 852/1597/1176 850/1596/1175
f 862/1602/1181 846/1603/1182 852/1597/1176
f 863/1604/1183 857/1600/1179 854/1599/1178
f 868/1605/1184 859/1601/1180 857/1600/1179
f 869/1606/1185 862/1602/1181 859/1601/1180
f 871/1607/1186 856/1608/1187 862/1602/1181
f 872/1609/1188 868/1605/1184 863/1604/1183
f 874/1610/1189 869/1606/1185 868/1605/1184
f 875/1611/1190 871/1607/1186 869/1606/1185
f 876/1612/1191 865/1613/1192 871/1607/1186
f 878/1614/1193 874/1610/1189 872/1609/1188
f 881/1615/1194 875/1611/1190 874/1610/1189
f 884/1616/1195 876/1612/1191 875/1611/1190
f 885/1617/1196 873/1618/1197 876/1612/1191
f 328/1619/1198 888/1620/1199 892/1621/1200
f 892/1621/1200 884/1616/1195 881/1615/1194
f 894/1622/1201 885/1617/1196 884/1616/1195
f 896/1623/1202 880/1624/1203 885/1617/1196
f 898/1625/1204 892/1621/1200 888/1620/1199
f 902/1626/1205 894/1622/1201 892/1621/1200
f 904/1627/1206 896/1623/1202 894/1622/1201
f 906/1628/1207 890/1629/1208 896/1623/1202
f 908/1630/1209 902/1626/1205 898/1625/1204
f 911/1631/1210 904/1627/1206 902/1626/1205
f 913/1632/1211 906/1628/1207 904/1627/1206
f 915/1633/1212 899/1634/1213 906/1628/1207
f 918/1635/1214 911/1631/1210 908/1630/1209
f 922/1636/1215 913/1632/1211 911/1631/1210
f 924/1637/1216 915/1633/1212 913/1632/1211
f 926/1638/1217 909/1639/1218 915/1633/1212
f 928/1640/1219 922/1636/1215 918/1635/1214
f 931/1641/1220 924/1637/1216 922/1636/1215
f 934/1642/1221 926/1638/1217 924/1637/1216
f 936/1643/1222 919/1644/1223 926/1638/1217
f 938/1645/1224 931/1641/1220 928/1640/1219
f 941/1646/1225 934/1642/1221 931/1641/1220
f 943/1647/1226 936/1643/1222 934/1642/1221
f 944/1648/1227 930/1649/1228 936/1643/1222
f 946/1650/1229 941/1651/1225 938/1652/1224
f 949/1653/1230 943/1654/1226 941/1651/1225
f 952/1655/1231 944/1656/1227 943/1654/1226
f 953/1657/1232 940/1658/1233 944/1656/1227
f 956/1659/1234 949/1653/1230 946/1650/1229
f 959/1660/1235 952/1655/1231 949/1653/1230
f 960/1661/1236 953/1657/1232 952/1655/1231
f 962/1662/1237 947/1663/1238 953/1657/1232
f 963/1664/1239 959/1660/1235 956/1659/1234
f 965/1665/1240 960/1661/1236 959/1660/1235
f 966/1666/1241 962/1662/1237 960/1661/1236
f 967/1667/1242 958/1668/1243 962/1662/1237
f 968/1669/1244 965/1665/1240 963/1664/1239
f 970/1670/1245 966/1666/1241 965/1665/1240
f 971/1671/1246 967/1667/1242 966/1666/1241
f 972/1672/1247 964/1673/1248 967/1667/1242
f 973/1674/1249 970/1670/1245 968/1669/1244
f 977/1675/1250 971/1671/1246 970/1670/1245
f 978/1676/1251 972/1672/1247 971/1671/1246
f 980/1677/1252 969/1678/1253 972/1672/1247
f 325/1679/1254 982/1680/1255 986/1681/1256
f 986/1681/1256 978/1676/1251 977/1675/1250
f 988/1682/1257 980/1677/1252 978/1676/1251
f 990/1683/1258 975/1684/1259 980/1677/1252
f 992/1685/1260 986/1681/1256 982/1680/1255
f 995/1686/1261 988/1682/1257 986/1681/1256
f 998/1687/1262 990/1683/1258 988/1682/1257
f 999/1688/1263 984/1689/1264 990/1683/1258
f 1001/1690/1265 995/1686/1261 992/1685/1260
f 1006/1691/1266 998/1687/1262 995/1686/1261
f 1008/1692/1267 999/1688/1263 998/1687/1262
f 1010/1693/1268 993/1694/1269 999/1688/1263
f 1012/1695/1270 1006/1691/1266 1001/1690/1265
f 1015/1696/1271 1008/1692/1267 1006/1691/1266
f 1017/1697/1272 1010/1693/1268 1008/1692/1267
f 1020/1698/1273 1003/1699/1274 1010/1693/1268
f 1021/1700/1275 1015/1696/1271 1012/1695/1270
f 1025/1701/1276 1017/1697/1272 1015/1696/1271
f 1027/1702/1277 1020/1698/1273 1017/1697/1272
f 1029/1703/1278 1014/1704/1279 1020/1698/1273
f 1031/1705/1280 1025/1701/1276 1021/1700/1275
f 1035/1706/1281 1027/1702/1277 1025/1701/1276
f 1037/1707/1282 1029/1703/1278 1027/1702/1277
f 1039/1708/1283 1023/1709/1284 1029/1703/1278
f 1042/1710/1285 1035/1706/1281 1031/1705/1280
f 1046/1711/1286 1037/1707/1282 1035/1706/1281
f 1047/1712/1287 1039/1708/1283 1037/1707/1282
f 1048/1713/1288 1033/1714/1289 1039/1708/1283
f 1049/1715/1290 1046/1711/1286 1042/1710/1285
f 1051/1716/1291 1047/1712/1287 1046/1711/1286
f 1052/1717/1292 1048/1713/1288 1047/1712/1287
f 1053/1718/1293 1044/1719/1294 1048/1713/1288
f 1054/1720/1295 1051/1716/1291 1049/1715/1290
f 1056/1721/1296 1052/1717/1292 1051/1716/1291
f 1057/1722/1297 1053/1718/1293 1052/1717/1292
f 1058/1723/1298 1050/1724/1299 1053/1718/1293
f 1059/1725/1300 1056/1721/1296 1054/1720/1295
f 1061/1726/1301 1057/1722/1297 1056/1721/1296
f 1062/1727/1302 1058/1723/1298 1057/1722/1297
f 1063/1728/1303 1055/1729/1304 1058/1723/1298
f 1060/1730/1305 471/1731/1306 466/1732/1307
f 1063/1728/1303 469/1733/1308 471/1731/1306
f 1062/1727/1302 468/1734/1309 469/1733/1308
f 1061/1726/1301 464/1735/1310 468/1734/1309
f 474/1736/1311 468/1734/1309 464/1735/1310
f 478/1737/1312 469/1733/1308 468/1734/1309
f 479/1738/1313 471/1731/1306 469/1733/1308
f 482/1739/1314 466/1732/1307 471/1731/1306
f 483/1740/1315 478/1737/1312 474/1736/1311
f 487/1741/1316 479/1738/1313 478/1737/1312
f 489/1742/1317 482/1739/1314 479/1738/1313
f 491/1743/1318 475/1744/1319 482/1739/1314
f 494/1745/1320 487/1741/1316 483/1740/1315
f 498/1746/1321 489/1742/1317 487/1741/1316
f 500/1747/1322 491/1743/1318 489/1742/1317
f 502/1748/1323 485/1749/1324 491/1743/1318
f 504/1750/1325 498/1746/1321 494/1745/1320
f 508/1751/1326 500/1747/1322 498/1746/1321
f 509/1752/1327 502/1748/1323 500/1747/1322
f 512/1753/1328 495/1754/1329 502/1748/1323
f 514/1755/1330 508/1751/1326 504/1750/1325
f 517/1756/1331 509/1752/1327 508/1751/1326
f 519/1757/1332 512/1753/1328 509/1752/1327
f 521/1758/1333 506/1759/1334 512/1753/1328
f 523/1760/1335 517/1756/1331 514/1755/1330
f 527/1761/1336 519/1757/1332 517/1756/1331
f 529/1762/1337 521/1758/1333 519/1757/1332
f 531/1763/1338 515/1764/1339 521/1758/1333
f 533/1765/1340 527/1761/1336 523/1760/1335
f 537/1766/1341 529/1762/1337 527/1761/1336
f 539/1767/1342 531/1763/1338 529/1762/1337
f 541/1768/1343 525/1769/1344 531/1763/1338
f 543/1770/1345 537/1766/1341 533/1765/1340
f 547/1771/1346 539/1767/1342 537/1766/1341
f 549/1772/1347 541/1768/1343 539/1767/1342
f 551/1773/1348 535/1774/1349 541/1768/1343
f 553/1775/1350 547/1771/1346 543/1770/1345
f 557/1776/1351 549/1772/1347 547/1771/1346
f 560/1777/1352 551/1773/1348 549/1772/1347
f 562/1778/1353 546/1779/1354 551/1773/1348
f 563/1780/1355 557/1776/1351 553/1775/1350
f 568/1781/1356 560/1777/1352 557/1776/1351
f 570/1782/1357 562/1778/1353 560/1777/1352
f 572/1783/1358 555/1784/1359 562/1778/1353
f 574/1785/1360 568/1781/1356 563/1780/1355
f 577/1786/1361 570/1782/1357 568/1781/1356
f 580/1787/1362 572/1783/1358 570/1782/1357
f 581/1788/1363 566/1789/1364 572/1783/1358
f 584/1790/1365 577/1786/1361 574/1785/1360
f 588/1791/1366 580/1787/1362 577/1786/1361
f 589/1792/1367 581/1788/1363 580/1787/1362
f 591/1793/1368 575/1794/1369 581/1788/1363
f 593/1795/1370 588/1791/1366 584/1790/1365
f 597/1796/1371 589/1792/1367 588/1791/1366
f 599/1797/1372 591/1793/1368 589/1792/1367
f 601/1798/1373 586/1799/1374 591/1793/1368
f 604/1800/1375 597/1796/1371 593/1795/1370
f 608/1801/1376 599/1797/1372 597/1796/1371
f 610/1802/1377 601/1798/1373 599/1797/1372
f 612/1803/1378 595/1804/1379 601/1798/1373
f 614/1805/1380 608/1801/1376 604/1800/1375
f 618/1806/1381 610/1802/1377 608/1801/1376
f 620/1807/1382 612/1803/1378 610/1802/1377
f 622/1808/1383 606/1809/1384 612/1803/1378
f 624/1810/1385 618/1806/1381 614/1805/1380
f 628/1811/1386 620/1807/1382 618/1806/1381
f 630/1812/1387 622/1808/1383 620/1807/1382
f 632/1813/1388 615/1814/1389 622/1808/1383
f 633/1815/1390 628/1811/1386 624/1810/1385
f 637/1816/1391 630/1812/1387 628/1811/1386
f 639/1817/1392 632/1813/1388 630/1812/1387
f 641/1818/1393 625/1819/1394 632/1813/1388
f 643/1820/1395 637/1816/1391 633/1815/1390
f 648/1821/1396 639/1817/1392 637/1816/1391
f 650/1822/1397 641/1818/1393 639/1817/1392
f 652/1823/1398 636/1824/1399 641/1818/1393
f 653/1825/1400 648/1821/1396 643/1820/1395
f 657/1826/1401 650/1822/1397 648/1821/1396
f 660/1827/1402 652/1823/1398 650/1822/1397
f 661/1828/1403 645/1829/1404 652/1823/1398
f 663/1830/1405 657/1826/1401 653/1825/1400
f 667/1831/1406 660/1827/1402 657/1826/1401
f 670/1832/1407 661/1828/1403 660/1827/1402
f 672/1833/1408 655/1834/1409 661/1828/1403
f 673/1835/1410 667/1831/1406 663/1830/1405
f 677/1836/1411 670/1832/1407 667/1831/1406
f 680/1837/1412 672/1833/1408 670/1832/1407
f 682/1838/1413 666/1839/1414 672/1833/1408
f 684/1840/1415 677/1836/1411 673/1835/1410
f 688/1841/1416 680/1837/1412 677/1836/1411
f 690/1842/1417 682/1838/1413 680/1837/1412
f 692/1843/1418 675/1844/1419 682/1838/1413
f 694/1845/1420 688/1841/1416 684/1840/1415
f 697/1846/1421 690/1842/1417 688/1841/1416
f 700/1847/1422 692/1843/1418 690/1842/1417
f 701/1848/1423 686/1849/1424 692/1843/1418
f 706/1527/1106 697/1846/1421 694/1845/1420
f 712/1526/1105 700/1847/1422 697/1846/1421
f 710/1529/1108 701/1848/1423 700/1847/1422
f 708/1531/1110 695/1850/1425 701/1848/1423
f 1060/1730/1305 441/1217/1008 449/1251/1041
f 1072/1851/924 1059/1725/1300 1071/1852/922
f 475/1744/1319 441/1217/1008 466/1732/1307
f 1073/1853/923 464/1735/1310 1072/1851/924
f 475/1744/1319 347/1224/1015 445/1218/1009
f 1074/1854/926 474/1736/1311 1073/1853/923
f 495/1754/1329 347/1224/1015 485/1749/1324
f 1075/1855/925 483/1740/1315 1074/1854/926
f 352/1231/1022 495/1754/1329 506/1759/1334
f 1076/1856/928 494/1745/1320 1075/1855/925
f 352/1231/1022 515/1764/1339 344/1232/1023
f 1077/1857/927 504/1750/1325 1076/1856/928
f 515/1764/1339 346/1239/1029 344/1232/1023
f 1078/1858/930 514/1755/1330 1077/1857/927
f 346/1239/1029 535/1774/1349 353/1240/1030
f 1079/1859/929 523/1760/1335 1078/1858/930
f 535/1774/1349 355/1246/1036 353/1240/1030
f 1080/1860/932 533/1765/1340 1079/1859/929
f 555/1784/1359 355/1246/1036 546/1779/1354
f 1081/1861/931 543/1770/1345 1080/1860/932
f 339/1253/1043 555/1784/1359 566/1789/1364
f 1082/1862/934 553/1775/1350 1081/1861/931
f 575/1794/1369 339/1253/1043 566/1789/1364
f 1083/1863/933 563/1780/1355 1082/1862/934
f 575/1794/1369 336/1258/1048 341/1254/1044
f 1084/1864/936 574/1785/1360 1083/1863/933
f 595/1804/1379 336/1258/1048 586/1799/1374
f 1085/1865/935 584/1790/1365 1084/1864/936
f 595/1804/1379 331/1263/1053 334/1259/1049
f 1087/1866/938 593/1795/1370 1085/1865/935
f 615/1814/1389 331/1263/1053 606/1809/1384
f 1089/1867/937 604/1800/1375 1087/1866/938
f 615/1814/1389 437/1268/1058 439/1264/1054
f 1091/1868/940 614/1805/1380 1089/1867/937
f 636/1824/1399 437/1268/1058 625/1819/1394
f 1092/1869/939 624/1810/1385 1091/1868/940
f 636/1824/1399 360/1273/1063 435/1269/1059
f 1094/1870/942 633/1815/1390 1092/1869/939
f 655/1834/1409 360/1273/1063 645/1829/1404
f 1096/1871/941 643/1820/1395 1094/1870/942
f 366/1278/1068 655/1834/1409 666/1839/1414
f 1098/1872/944 653/1825/1400 1096/1871/941
f 675/1844/1419 366/1278/1068 666/1839/1414
f 1100/1873/943 663/1830/1405 1098/1872/944
f 675/1844/1419 363/1283/1073 368/1279/1069
f 1102/1874/946 673/1835/1410 1100/1873/943
f 695/1850/1425 363/1283/1073 686/1849/1424
f 1103/1875/945 684/1840/1415 1102/1874/946
f 370/1302/1092 695/1850/1425 704/1533/1112
f 1105/1876/948 694/1845/1420 1103/1875/945
f 370/1302/1092 716/1538/1117 374/1287/1077
f 1106/1877/947 706/1527/1106 1105/1876/948
f 716/1538/1117 372/1304/1094 374/1287/1077
f 1108/1878/950 713/1525/1104 1106/1877/947
f 735/1548/1127 372/1304/1094 725/1543/1122
f 1110/1879/949 723/1534/1113 1108/1878/950
f 735/1548/1127 376/1306/1096 381/1291/1081
f 1113/1880/952 733/1539/1118 1110/1879/949
f 755/1558/1137 376/1306/1096 746/1553/1132
f 1114/1881/951 743/1544/1123 1113/1880/952
f 755/1558/1137 378/1308/1098 380/1295/1085
f 1117/1882/954 753/1549/1128 1114/1881/951
f 775/1568/1147 378/1308/1098 765/1563/1142
f 1119/1883/953 764/1554/1133 1117/1882/954
f 447/1182/973 775/1568/1147 785/1573/1152
f 1120/1884/956 773/1559/1138 1119/1883/953
f 795/1578/1157 447/1182/973 785/1573/1152
f 1121/1885/955 783/1564/1143 1120/1884/956
f 795/1578/1157 385/1188/979 452/1301/1091
f 1122/1886/958 794/1569/1148 1121/1885/955
f 816/1588/1167 385/1188/979 806/1583/1162
f 1123/1887/957 803/1574/1153 1122/1886/958
f 392/1194/985 816/1588/1167 826/1593/1172
f 1124/1888/959 814/1579/1158 1123/1887/957
f 835/1598/1177 392/1194/985 826/1593/1172
f 1125/1889/960 824/1584/1163 1124/1888/959
f 835/1598/1177 387/1200/991 389/1305/1095
f 1127/1890/961 833/1589/1168 1125/1889/960
f 856/1608/1187 387/1200/991 846/1603/1182
f 1128/1891/962 844/1594/1173 1127/1890/961
f 856/1608/1187 393/1206/997 408/1307/1097
f 1130/1892/963 854/1599/1178 1128/1891/962
f 393/1206/997 873/1618/1197 396/1309/1099
f 1132/1893/964 863/1604/1183 1130/1892/963
f 397/1212/1003 873/1618/1197 880/1624/1203
f 1134/1894/965 872/1609/1188 1132/1893/964
f 890/1629/1208 397/1212/1003 880/1624/1203
f 118/1492/965 1173/1895/1426 231/1896/965
f 402/1219/1010 890/1629/1208 899/1634/1213
f 1138/1088/966 888/1620/1199 1136/1085/967
f 909/1639/1218 402/1219/1010 899/1634/1213
f 1139/1897/968 898/1625/1204 1138/1088/966
f 909/1639/1218 403/1226/1017 405/1191/982
f 1140/1092/969 908/1630/1209 1139/1897/968
f 930/1649/1228 403/1226/1017 919/1644/1223
f 1142/1442/907 918/1635/1214 1140/1092/969
f 457/1233/1024 930/1649/1228 940/1898/1233
f 1144/1899/906 928/1640/1219 1142/1442/907
f 947/1663/1238 457/1900/1024 940/1658/1233
f 1146/1901/909 938/1652/1224 1144/1098/906
f 947/1663/1238 428/1241/1031 453/1203/994
f 1147/1451/908 946/1650/1229 1146/1901/909
f 964/1673/1248 428/1241/1031 958/1668/1243
f 1149/1460/911 956/1659/1234 1147/1451/908
f 432/1248/1038 964/1673/1248 969/1678/1253
f 1151/1108/910 963/1664/1239 1149/1460/911
f 975/1684/1259 432/1248/1038 969/1678/1253
f 1154/1462/913 968/1669/1244 1151/1108/910
f 426/1255/1045 975/1684/1259 984/1689/1264
f 1070/1902/912 973/1674/1249 1154/1462/913
f 993/1694/1269 426/1255/1045 984/1689/1264
f 1157/1903/915 982/1680/1255 1155/1904/971
f 433/1228/1019 993/1694/1269 1003/1699/1274
f 1159/1905/914 992/1685/1260 1157/1903/915
f 1014/1704/1279 433/1228/1019 1003/1699/1274
f 1161/1906/917 1001/1690/1265 1159/1905/914
f 418/1236/1026 1014/1704/1279 1023/1709/1284
f 1163/1907/916 1012/1695/1270 1161/1906/917
f 1033/1714/1289 418/1236/1026 1023/1709/1284
f 1165/1908/919 1021/1700/1275 1163/1907/916
f 1033/1714/1289 413/1243/1033 420/1237/1027
f 1167/1909/918 1031/1705/1280 1165/1908/919
f 1050/1724/1299 413/1243/1033 1044/1719/1294
f 1169/1910/921 1042/1710/1285 1167/1909/918
f 1050/1724/1299 409/1250/1040 411/1244/1034
f 1172/1911/920 1049/1715/1290 1169/1910/921
f 1060/1730/1305 409/1250/1040 1055/1729/1304
f 1071/1852/922 1054/1720/1295 1172/1911/920
f 248/1069/958 1121/1912/955 250/1064/955
f 1070/1902/912 982/1680/1255 325/1679/1254
f 1173/1895/1426 122/1495/967 229/1086/967
f 1173/1913/1426 1134/1914/965 231/1082/965
f 316/1018/924 1071/1915/922 318/1439/922
f 1175/1506/1103 229/1086/967 1136/1085/967
f 322/1505/1103 878/1614/1193 1134/1894/965
f 1547/490/487 979/448/445 1548/1916/1101
f 230/86/86 233/87/87 235/88/88
f 132/27/27 127/24/24 125/23/23
f 233/87/87 237/142/142 239/89/89
f 235/88/88 239/89/89 241/90/90
f 137/14/14 133/13/13 132/27/27
f 241/90/90 239/89/89 244/91/91
f 245/92/92 247/98/98 249/93/93
f 249/93/93 139/15/15 137/14/14
f 249/93/93 247/98/98 251/94/94
f 253/95/95 141/49/49 139/15/15
f 251/94/94 247/98/98 256/96/96
f 247/98/98 245/92/92 258/99/99
f 256/96/96 258/99/99 260/100/100
f 163/101/101 157/53/53 156/97/97
f 258/99/99 262/148/148 264/102/102
f 260/100/100 264/102/102 266/103/103
f 169/104/104 165/54/54 163/101/101
f 264/102/102 268/147/147 270/105/105
f 266/103/103 270/105/105 272/106/106
f 274/107/107 171/58/58 169/104/104
f 274/107/107 272/106/106 276/108/108
f 278/109/109 174/59/59 171/58/58
f 278/109/109 276/108/108 279/110/110
f 282/111/111 283/112/112 174/59/59
f 283/112/112 282/111/111 285/113/113
f 287/114/114 289/115/115 179/62/62
f 283/112/112 179/62/62 176/60/60
f 289/115/115 287/114/114 291/116/116
f 293/117/117 295/172/172 298/118/118
f 289/115/115 298/118/118 181/63/63
f 303/119/119 301/178/178 305/120/120
f 307/121/121 309/123/123 184/122/122
f 309/123/123 189/65/65 185/124/124
f 309/123/123 307/121/121 311/125/125
f 313/126/126 315/127/127 189/65/65
f 315/127/127 196/69/69 192/66/66
f 315/127/127 313/126/126 317/128/128
f 320/129/129 321/130/130 196/69/69
f 321/130/130 202/73/73 197/70/70
f 321/130/130 320/129/129 324/131/131
f 326/132/132 206/75/75 202/73/73
f 326/132/132 324/131/131 221/84/84
f 218/82/82 209/80/80 206/75/75
f 320/129/129 317/128/128 327/133/133
f 324/131/131 327/133/133 226/134/134
f 317/128/128 329/184/184 332/135/135
f 327/133/133 332/135/135 333/136/136
f 332/135/135 335/183/183 338/137/137
f 333/136/136 338/137/137 340/138/138
f 232/139/139 227/85/85 226/134/134
f 340/138/138 338/137/137 342/140/140
f 343/141/141 345/143/143 237/142/142
f 237/142/142 233/87/87 232/139/139
f 345/143/143 343/141/141 348/144/144
f 350/145/145 262/148/148 244/91/91
f 345/143/143 244/91/91 239/89/89
f 350/145/145 348/144/144 351/146/146
f 268/147/147 264/102/102 262/148/148
f 348/144/144 354/190/190 356/149/149
f 351/146/146 356/149/149 357/150/150
f 359/151/151 270/105/105 268/147/147
f 359/151/151 357/150/150 361/152/152
f 364/153/153 272/106/106 270/105/105
f 364/153/153 361/152/152 365/154/154
f 367/155/155 276/108/108 272/106/106
f 367/155/155 365/154/154 369/156/156
f 371/157/157 279/110/110 276/108/108
f 371/157/157 369/156/156 373/158/158
f 375/159/159 377/160/160 279/110/110
f 377/160/160 375/159/159 379/161/161
f 382/162/162 383/163/163 285/113/113
f 377/160/160 285/113/113 282/111/111
f 383/163/163 382/162/162 386/164/164
f 388/165/165 390/166/166 291/116/116
f 383/163/163 291/116/116 287/114/114
f 390/166/166 388/165/165 391/167/167
f 394/168/168 395/170/170 398/169/169
f 390/166/166 398/169/169 293/117/117
f 395/170/170 399/1917/1427 401/171/171
f 398/169/169 401/171/171 295/172/172
f 407/173/173 406/225/225 410/174/174
f 412/175/175 414/177/177 300/176/176
f 414/177/177 305/120/120 301/178/178
f 412/175/175 416/228/228 417/179/179
f 417/179/179 419/180/180 305/120/120
f 419/180/180 311/125/125 307/121/121
f 419/180/180 417/179/179 421/181/181
f 423/182/182 329/184/184 311/125/125
f 421/181/181 425/185/185 335/183/183
f 335/183/183 332/135/135 329/184/184
f 425/185/185 421/181/181 427/186/186
f 429/187/187 354/190/190 342/140/140
f 425/185/185 342/140/140 338/137/137
f 429/187/187 427/186/186 431/188/188
f 434/189/189 356/149/149 354/190/190
f 434/189/189 431/188/188 436/191/191
f 438/192/192 357/150/150 356/149/149
f 438/192/192 436/191/191 440/193/193
f 442/194/194 361/152/152 357/150/150
f 442/194/194 440/193/193 444/195/195
f 446/196/196 365/154/154 361/152/152
f 446/196/196 444/195/195 448/197/197
f 450/198/198 369/156/156 365/154/154
f 450/198/198 448/197/197 451/199/199
f 454/200/200 373/158/158 369/156/156
f 454/200/200 451/199/199 456/201/201
f 458/202/202 460/203/203 373/158/158
f 460/203/203 458/202/202 462/204/204
f 463/205/205 465/206/206 379/161/161
f 460/203/203 379/161/161 375/159/159
f 465/206/206 463/205/205 467/207/207
f 470/208/208 472/209/209 386/164/164
f 465/206/206 386/164/164 382/162/162
f 472/209/209 470/208/208 473/210/210
f 476/211/211 477/213/213 391/167/167
f 472/209/209 391/167/167 388/165/165
f 476/211/211 480/248/248 481/212/212
f 477/213/213 481/212/212 484/214/214
f 477/213/213 486/215/215 394/168/168
f 486/215/215 484/214/214 488/216/216
f 486/215/215 490/217/217 395/170/170
f 490/217/217 488/216/216 492/218/218
f 493/219/219 399/1917/1427 395/170/170
f 499/220/220 497/492/489 501/221/221
f 503/222/222 505/224/224 404/223/223
f 505/224/224 410/174/174 406/225/225
f 503/222/222 507/229/229 510/226/226
f 505/224/224 510/226/226 511/227/227
f 416/228/228 412/175/175 410/174/174
f 510/226/226 436/191/191 431/188/188
f 511/227/227 431/188/188 427/186/186
f 507/229/229 440/193/193 436/191/191
f 507/229/229 503/222/222 501/221/221
f 513/230/230 444/195/195 440/193/193
f 513/230/230 501/221/221 516/231/231
f 518/232/232 448/197/197 444/195/195
f 518/232/232 516/231/231 520/233/233
f 522/234/234 451/199/199 448/197/197
f 522/234/234 520/233/233 524/235/235
f 526/236/236 456/201/201 451/199/199
f 526/236/236 524/235/235 528/237/237
f 530/238/238 532/240/240 456/201/201
f 530/238/238 534/266/266 536/239/239
f 532/240/240 536/239/239 538/241/241
f 532/240/240 462/204/204 458/202/202
f 536/239/239 540/268/268 542/242/242
f 538/241/241 542/242/242 544/243/243
f 467/207/207 463/205/205 462/204/204
f 542/242/242 545/272/272 548/244/244
f 544/243/243 548/244/244 550/245/245
f 544/243/243 473/210/210 470/208/208
f 548/244/244 552/275/275 554/246/246
f 550/245/245 554/246/246 556/247/247
f 480/248/248 476/211/211 473/210/210
f 554/246/246 558/278/278 559/249/249
f 556/247/247 559/249/249 561/250/250
f 564/251/251 481/212/212 480/248/248
f 564/251/251 561/250/250 565/252/252
f 567/253/253 484/214/214 481/212/212
f 567/253/253 565/252/252 569/254/254
f 571/255/255 488/216/216 484/214/214
f 571/255/255 569/254/254 573/256/256
f 576/257/257 492/218/218 488/216/216
f 582/258/258 579/260/260 524/235/235
f 520/233/233 516/231/231 496/259/259
f 579/260/260 578/261/261 528/237/237
f 578/261/261 583/263/263 585/262/262
f 583/263/263 587/293/293 590/264/264
f 585/262/262 590/264/264 592/265/265
f 534/266/266 530/238/238 528/237/237
f 590/264/264 594/292/292 596/267/267
f 596/267/267 598/270/270 540/268/268
f 540/268/268 536/239/239 534/266/266
f 596/267/267 600/297/297 602/269/269
f 598/270/270 602/269/269 603/271/271
f 545/272/272 542/242/242 540/268/268
f 602/269/269 605/300/300 607/273/273
f 603/271/271 607/273/273 609/274/274
f 552/275/275 548/244/244 545/272/272
f 607/273/273 611/303/303 613/276/276
f 609/274/274 613/276/276 616/277/277
f 558/278/278 554/246/246 552/275/275
f 613/276/276 617/306/306 619/279/279
f 616/277/277 619/279/279 621/280/280
f 623/281/281 559/249/249 558/278/278
f 623/281/281 621/280/280 626/282/282
f 627/283/283 561/250/250 559/249/249
f 627/283/283 626/282/282 629/284/284
f 631/285/285 565/252/252 561/250/250
f 631/285/285 629/284/284 634/286/286
f 635/287/287 569/254/254 565/252/252
f 635/287/287 634/286/286 638/288/288
f 640/289/289 573/256/256 569/254/254
f 642/290/290 644/294/294 646/291/291
f 594/292/292 590/264/264 587/293/293
f 644/294/294 647/323/323 649/295/295
f 646/291/291 649/295/295 651/296/296
f 600/297/297 596/267/267 594/292/292
f 649/295/295 654/322/322 656/298/298
f 651/296/296 656/298/298 658/299/299
f 605/300/300 602/269/269 600/297/297
f 656/298/298 659/327/327 662/301/301
f 658/299/299 662/301/301 664/302/302
f 611/303/303 607/273/273 605/300/300
f 662/301/301 665/330/330 668/304/304
f 664/302/302 668/304/304 669/305/305
f 617/306/306 613/276/276 611/303/303
f 668/304/304 671/333/333 674/307/307
f 669/305/305 674/307/307 676/308/308
f 678/309/309 619/279/279 617/306/306
f 678/309/309 676/308/308 679/310/310
f 681/311/311 621/280/280 619/279/279
f 681/311/311 679/310/310 683/312/312
f 685/313/313 626/282/282 621/280/280
f 685/313/313 683/312/312 687/314/314
f 689/315/315 629/284/284 626/282/282
f 689/315/315 687/314/314 691/316/316
f 693/317/317 634/286/286 629/284/284
f 693/317/317 691/316/316 696/318/318
f 698/319/319 638/288/288 634/286/286
f 699/320/320 702/1918/1428 703/321/321
f 654/322/322 649/295/295 647/323/323
f 703/321/321 702/1918/1428 705/324/324
f 703/321/321 707/325/325 709/326/326
f 659/327/327 656/298/298 654/322/322
f 707/325/325 711/351/351 714/328/328
f 709/326/326 714/328/328 715/329/329
f 665/330/330 662/301/301 659/327/327
f 714/328/328 717/355/355 720/331/331
f 715/329/329 720/331/331 721/332/332
f 671/333/333 668/304/304 665/330/330
f 720/331/331 724/358/358 726/334/334
f 721/332/332 726/334/334 728/335/335
f 730/336/336 674/307/307 671/333/333
f 730/336/336 728/335/335 732/337/337
f 734/338/338 676/308/308 674/307/307
f 734/338/338 732/337/337 736/339/339
f 738/340/340 679/310/310 676/308/308
f 738/340/340 736/339/339 740/341/341
f 742/342/342 683/312/312 679/310/310
f 742/342/342 740/341/341 744/343/343
f 745/344/344 687/314/314 683/312/312
f 745/344/344 744/343/343 748/345/345
f 750/346/346 691/316/316 687/314/314
f 750/346/346 748/345/345 752/347/347
f 754/348/348 696/318/318 691/316/316
f 756/349/349 758/352/352 760/350/350
f 711/351/351 707/325/325 705/324/324
f 758/352/352 762/378/378 763/353/353
f 760/350/350 763/353/353 766/354/354
f 717/355/355 714/328/328 711/351/351
f 763/353/353 768/376/376 770/356/356
f 766/354/354 770/356/356 772/357/357
f 724/358/358 720/331/331 717/355/355
f 770/356/356 774/382/382 776/359/359
f 772/357/357 776/359/359 778/360/360
f 779/361/361 726/334/334 724/358/358
f 779/361/361 778/360/360 782/362/362
f 784/363/363 728/335/335 726/334/334
f 784/363/363 782/362/362 786/364/364
f 788/365/365 732/337/337 728/335/335
f 786/364/364 790/367/367 792/366/366
f 792/366/366 736/339/339 732/337/337
f 790/367/367 793/397/397 796/368/368
f 796/368/368 740/341/341 736/339/339
f 796/368/368 793/397/397 797/369/369
f 799/370/370 744/343/343 740/341/341
f 799/370/370 797/369/369 801/371/371
f 804/372/372 748/345/345 744/343/343
f 804/372/372 801/371/371 805/373/373
f 807/374/374 752/347/347 748/345/345
f 812/375/375 813/379/379 768/376/376
f 768/376/376 763/353/353 762/378/378
f 813/379/379 812/375/375 815/380/380
f 817/381/381 819/383/383 774/382/382
f 774/382/382 770/356/356 768/376/376
f 819/383/383 817/381/381 821/384/384
f 823/385/385 825/387/387 827/386/386
f 819/383/383 827/386/386 776/359/359
f 825/387/387 829/389/389 832/388/388
f 827/386/386 832/388/388 778/360/360
f 829/389/389 834/391/391 836/390/390
f 832/388/388 836/390/390 782/362/362
f 834/391/391 838/393/393 840/392/392
f 836/390/390 840/392/392 786/364/364
f 838/393/393 842/395/395 843/394/394
f 840/392/392 843/394/394 790/367/367
f 842/395/395 845/398/398 848/396/396
f 843/394/394 848/396/396 793/397/397
f 845/398/398 849/400/400 851/399/399
f 848/396/396 851/399/399 797/369/369
f 849/400/400 853/402/402 855/401/401
f 851/399/399 855/401/401 801/371/371
f 853/402/402 858/431/431 860/403/403
f 855/401/401 860/403/403 805/373/373
f 864/404/404 866/410/410 821/384/384
f 861/405/405 821/384/384 817/381/381
f 882/406/406 879/452/449 883/407/407
f 886/408/408 887/411/411 867/409/409
f 866/410/410 864/404/404 867/409/409
f 886/408/408 889/458/455 891/412/412
f 887/411/411 891/412/412 893/413/413
f 823/385/385 821/384/384 866/410/410
f 891/412/412 895/415/415 897/414/414
f 893/413/413 897/414/414 825/387/387
f 895/415/415 900/417/417 901/416/416
f 897/414/414 901/416/416 829/389/389
f 900/417/417 903/419/419 905/418/418
f 901/416/416 905/418/418 834/391/391
f 903/419/419 907/421/421 910/420/420
f 905/418/418 910/420/420 838/393/393
f 907/421/421 912/423/423 914/422/422
f 910/420/420 914/422/422 842/395/395
f 912/423/423 916/425/425 917/424/424
f 914/422/422 917/424/424 845/398/398
f 916/425/425 920/427/427 921/426/426
f 917/424/424 921/426/426 849/400/400
f 920/427/427 923/429/429 925/428/428
f 921/426/426 925/428/428 853/402/402
f 923/429/429 927/474/471 929/430/430
f 925/428/428 929/430/430 858/431/431
f 933/432/432 937/476/473 939/433/433
f 939/433/433 1544/1919/1102 870/435/435
f 945/436/436 1544/1919/1102 939/433/433
f 950/440/438 1545/1090/442 105/1920/36
f 1545/1090/442 1542/1089/37 105/1920/36
f 105/1920/36 109/438/39 950/440/438
f 942/437/437 948/479/476 950/442/438
f 1545/445/442 950/442/438 948/479/476
f 948/479/476 951/443/440 1545/445/442
f 951/443/440 955/482/479 957/446/443
f 974/447/444 1548/1916/1101 979/448/445
f 976/449/446 979/448/445 981/450/447
f 981/450/447 883/407/407 879/452/449
f 979/448/445 983/489/486 985/453/450
f 985/453/450 987/454/451 883/407/407
f 987/454/451 889/458/455 886/408/408
f 987/454/451 985/453/450 989/455/452
f 987/454/451 991/456/453 994/457/454
f 895/415/415 891/412/412 889/458/455
f 991/456/453 996/460/457 997/459/456
f 994/457/454 997/459/456 900/417/417
f 996/460/457 1000/462/459 1002/461/458
f 997/459/456 1002/461/458 903/419/419
f 1000/462/459 1004/464/461 1005/463/460
f 1002/461/458 1005/463/460 907/421/421
f 1004/464/461 1007/466/463 1009/465/462
f 1005/463/460 1009/465/462 912/423/423
f 1007/466/463 1011/468/465 1013/467/464
f 1009/465/462 1013/467/464 916/425/425
f 1011/468/465 1016/470/467 1018/469/466
f 1013/467/464 1018/469/466 920/427/427
f 1016/470/467 1019/472/469 1022/471/468
f 1018/469/466 1022/471/468 923/429/429
f 1019/472/469 932/477/474 1024/473/470
f 1022/471/468 1024/473/470 927/474/471
f 1019/472/469 1016/470/467 1026/475/472
f 937/476/473 933/432/432 932/477/474
f 1016/470/467 1011/468/465 1028/478/475
f 1026/475/472 1028/478/475 948/479/476
f 1026/475/472 942/437/437 939/433/433
f 1011/468/465 1007/466/463 1030/480/477
f 1028/478/475 1030/480/477 951/443/440
f 1007/466/463 1004/464/461 1032/481/478
f 1030/480/477 1032/481/478 955/482/479
f 1004/464/461 1000/462/459 1034/483/480
f 1034/483/480 1036/484/481 955/482/479
f 1036/484/481 1034/483/480 1038/485/482
f 1040/486/483 1041/1921/1429 961/487/484
f 1036/484/481 961/487/484 957/446/443
f 1045/488/485 1043/491/488 983/489/486
f 989/455/452 985/453/450 983/489/486
f 1040/486/483 1038/485/482 989/455/452
f 1038/485/482 996/460/457 991/456/453
f 1034/483/480 1000/462/459 996/460/457
f 516/231/231 501/221/221 497/492/489
f 421/181/181 417/179/179 416/228/228
f 354/190/190 348/144/144 343/141/141
f 329/184/184 317/128/128 313/126/126
f 262/148/148 258/99/99 245/92/92
f 99/79/79 1541/32/32 1540/29/29
f 1088/493/490 1086/519/511 45/494/1
f 49/496/4 1090/498/492 1088/493/490
f 1093/497/491 1088/493/490 1090/498/492
f 1099/500/494 1097/528/519 1095/499/493
f 66/501/9 1099/500/494 1090/498/492
f 69/502/10 1101/534/525 1099/500/494
f 82/41/41 86/28/28 1539/503/495
f 86/28/28 87/30/30 1539/503/495
f 1112/504/496 1111/507/499 1109/505/497
f 1550/508/500 1116/511/503 1115/510/502
f 1115/510/502 1111/507/499 1550/508/500
f 1551/509/501 1118/567/547 1115/510/502
f 1129/512/504 1126/570/550 1552/513/505
f 1554/515/507 1133/517/509 1131/522/513
f 1131/522/513 1129/512/504 1554/515/507
f 1135/516/508 1131/522/513 1133/517/509
f 1086/519/511 1135/516/508 1137/518/510
f 45/494/1 1086/519/511 1555/520/512
f 1093/497/491 1141/523/514 1131/522/513
f 1086/519/511 1088/493/490 1093/497/491
f 1129/512/504 1131/522/513 1141/523/514
f 1148/525/516 1145/527/518 1143/524/515
f 1095/499/493 1148/525/516 1141/523/514
f 1152/526/517 1150/530/521 1145/527/518
f 1097/528/519 1152/526/517 1148/525/516
f 1156/529/520 1153/575/555 1150/530/521
f 1158/531/522 1156/529/520 1152/526/517
f 1162/532/523 1160/581/561 1156/529/520
f 1164/533/524 1162/532/523 1158/531/522
f 1097/528/519 1099/500/494 1101/534/525
f 1168/535/526 1166/584/564 1162/532/523
f 141/536/49 1168/535/526 1164/533/524
f 1101/534/525 69/502/10 143/537/11
f 1107/538/527 145/542/51 148/539/50
f 1104/506/498 1109/505/497 1107/538/527
f 1170/541/529 150/1922/439 145/542/51
f 1174/543/530 1171/595/572 157/544/53
f 1176/546/531 1174/543/530 159/545/55
f 1178/548/532 1177/598/575 1174/543/530
f 1179/549/533 1178/548/532 1176/546/531
f 162/547/57 178/552/61 1180/550/534
f 1181/551/535 1180/550/534 178/552/61
f 1182/554/536 185/617/124 187/555/64
f 1184/557/538 1183/556/537 187/555/64
f 153/558/68 150/1922/439 1170/541/529
f 1185/559/539 1183/556/537 1184/557/538
f 1170/541/529 1187/561/541 1186/560/540
f 1107/538/527 1109/505/497 1187/561/541
f 1189/562/542 1188/564/544 1186/560/540
f 1111/507/499 1189/562/542 1187/561/541
f 1191/563/543 1190/566/546 1188/564/544
f 1115/510/502 1191/563/543 1189/562/542
f 1193/565/545 1192/572/552 1190/566/546
f 1118/567/547 1193/565/545 1191/563/543
f 1194/568/548 1192/572/552 1193/565/545
f 1126/570/550 1195/569/549 1193/565/545
f 1145/527/518 1194/568/548 1195/569/549
f 1126/570/550 1129/512/504 1143/524/515
f 1197/571/551 1196/574/554 1192/572/552
f 1150/530/521 1197/571/551 1194/568/548
f 1199/573/553 1198/577/557 1196/574/554
f 1153/575/555 1199/573/553 1197/571/551
f 1201/576/556 1200/628/601 1198/577/557
f 1202/578/558 1201/576/556 1199/573/553
f 1204/579/559 1203/633/606 1201/576/556
f 1205/580/560 1204/579/559 1202/578/558
f 1153/575/555 1156/529/520 1160/581/561
f 1207/582/562 1206/636/609 1204/579/559
f 1208/583/563 1207/582/562 1205/580/560
f 1160/581/561 1162/532/523 1166/584/564
f 1209/585/565 1207/582/562 1208/583/563
f 1212/587/567 1211/593/570 1210/586/566
f 1166/584/564 1168/535/526 1212/587/567
f 251/588/94 1211/593/570 1212/587/567
f 1168/535/526 141/536/49 253/589/95
f 1213/590/568 1211/593/570 251/588/94
f 1214/592/569 1210/586/566 1211/593/570
f 1215/594/571 1214/592/569 1213/590/568
f 156/591/97 157/544/53 1171/595/572
f 1217/596/573 1216/642/615 1214/592/569
f 1218/597/574 1217/596/573 1215/594/571
f 1171/595/572 1174/543/530 1177/598/575
f 1220/599/576 1219/641/614 1217/596/573
f 1221/600/577 1220/599/576 1218/597/574
f 1177/598/575 1178/548/532 1222/601/578
f 1223/602/579 1221/600/577 1222/601/578
f 1178/548/532 1179/549/533 1224/603/580
f 1225/604/581 1223/602/579 1224/603/580
f 1179/549/533 1227/607/584 1226/605/582
f 1228/606/583 1226/605/582 1227/607/584
f 1181/551/535 1230/610/587 1229/608/585
f 1180/550/534 1181/551/535 1227/607/584
f 1231/609/586 1229/608/585 1230/610/587
f 298/612/118 295/666/172 1232/611/588
f 181/553/63 298/612/118 1230/610/587
f 1233/613/589 301/671/178 303/614/119
f 184/616/122 1235/618/591 1234/615/590
f 185/617/124 1182/554/536 1235/618/591
f 1236/619/592 1234/615/590 1235/618/591
f 1182/554/536 1238/621/594 1237/620/593
f 1183/556/537 1185/559/539 1238/621/594
f 1239/622/595 1237/620/593 1238/621/594
f 1185/559/539 1241/624/597 1240/623/596
f 1186/560/540 1188/564/544 1241/624/597
f 1242/625/598 1240/623/596 1241/624/597
f 1188/564/544 1190/566/546 1243/626/599
f 1198/577/557 1242/625/598 1243/626/599
f 1190/566/546 1192/572/552 1196/574/554
f 1244/627/600 1239/622/595 1240/623/596
f 1200/628/601 1244/627/600 1242/625/598
f 1246/629/602 1245/678/646 1239/622/595
f 1247/630/603 1246/629/602 1244/627/600
f 1249/631/604 1248/677/645 1246/629/602
f 1250/632/605 1249/631/604 1247/630/603
f 1200/628/601 1201/576/556 1203/633/606
f 1251/634/607 1249/631/604 1250/632/605
f 1206/636/609 1253/638/611 1252/635/608
f 1203/633/606 1204/579/559 1206/636/609
f 1254/637/610 1252/635/608 1253/638/611
f 1209/585/565 1216/642/615 1255/639/612
f 1207/582/562 1209/585/565 1253/638/611
f 1256/640/613 1254/637/610 1255/639/612
f 1216/642/615 1217/596/573 1219/641/614
f 1258/643/616 1257/684/652 1254/637/610
f 1259/644/617 1258/643/616 1256/640/613
f 1219/641/614 1220/599/576 1260/645/618
f 1261/646/619 1259/644/617 1260/645/618
f 1220/599/576 1221/600/577 1262/647/620
f 1263/648/621 1261/646/619 1262/647/620
f 1221/600/577 1223/602/579 1264/649/622
f 1265/650/623 1263/648/621 1264/649/622
f 1223/602/579 1225/604/581 1266/651/624
f 1267/652/625 1265/650/623 1266/651/624
f 1225/604/581 1269/655/628 1268/653/626
f 1270/654/627 1268/653/626 1269/655/628
f 1228/606/583 1272/658/631 1271/656/629
f 1226/605/582 1228/606/583 1269/655/628
f 1273/657/630 1271/656/629 1272/658/631
f 1231/609/586 1275/661/634 1274/659/632
f 1229/608/585 1231/609/586 1272/658/631
f 1276/660/633 1274/659/632 1275/661/634
f 1279/663/636 1278/665/637 1277/662/635
f 1232/611/588 1279/663/636 1275/661/634
f 401/664/171 399/1923/1427 1278/665/637
f 295/666/172 401/664/171 1279/663/636
f 1280/667/638 406/718/225 407/668/173
f 300/670/176 1282/672/640 1281/669/639
f 301/671/178 1233/613/589 1282/672/640
f 1284/673/641 1283/722/685 1281/669/639
f 1233/613/589 1285/674/642 1284/673/641
f 1234/615/590 1236/619/592 1285/674/642
f 1286/675/643 1284/673/641 1285/674/642
f 1236/619/592 1245/678/646 1287/676/644
f 1248/677/645 1288/680/648 1286/675/643
f 1245/678/646 1246/629/602 1248/677/645
f 1289/679/647 1286/675/643 1288/680/648
f 1251/634/607 1257/684/652 1290/681/649
f 1249/631/604 1251/634/607 1288/680/648
f 1291/682/650 1289/679/647 1290/681/649
f 1257/684/652 1258/643/616 1292/683/651
f 1293/685/653 1291/682/650 1292/683/651
f 1258/643/616 1259/644/617 1294/686/654
f 1295/687/655 1293/685/653 1294/686/654
f 1259/644/617 1261/646/619 1296/688/656
f 1297/689/657 1295/687/655 1296/688/656
f 1261/646/619 1263/648/621 1298/690/658
f 1299/691/659 1297/689/657 1298/690/658
f 1263/648/621 1265/650/623 1300/692/660
f 1301/693/661 1299/691/659 1300/692/660
f 1265/650/623 1267/652/625 1302/694/662
f 1303/695/663 1301/693/661 1302/694/662
f 1267/652/625 1305/698/666 1304/696/664
f 1306/697/665 1304/696/664 1305/698/666
f 1270/654/627 1308/701/669 1307/699/667
f 1268/653/626 1270/654/627 1305/698/666
f 1309/700/668 1307/699/667 1308/701/669
f 1273/657/630 1311/704/672 1310/702/670
f 1271/656/629 1273/657/630 1308/701/669
f 1312/703/671 1310/702/670 1311/704/672
f 1276/660/633 1314/707/675 1313/705/673
f 1274/659/632 1276/660/633 1311/704/672
f 1316/706/674 1315/742/705 1313/705/673
f 1317/708/676 1316/706/674 1314/707/675
f 1277/662/635 1318/709/677 1314/707/675
f 1319/710/678 1317/708/676 1318/709/677
f 1278/665/637 1320/711/679 1318/709/677
f 492/712/218 1319/710/678 1320/711/679
f 1278/665/637 399/1923/1427 493/713/219
f 1321/714/680 497/986/489 499/715/220
f 404/717/223 1323/719/682 1322/716/681
f 406/718/225 1280/667/638 1323/719/682
f 1325/720/683 1324/723/686 1322/716/681
f 1326/721/684 1325/720/683 1323/719/682
f 1280/667/638 1281/669/639 1283/722/685
f 1291/682/650 1293/685/653 1325/720/683
f 1289/679/647 1291/682/650 1326/721/684
f 1293/685/653 1295/687/655 1324/723/686
f 1321/714/680 1322/716/681 1324/723/686
f 1295/687/655 1297/689/657 1327/724/687
f 1328/725/688 1321/714/680 1327/724/687
f 1297/689/657 1299/691/659 1329/726/689
f 1330/727/690 1328/725/688 1329/726/689
f 1299/691/659 1301/693/661 1331/728/691
f 1332/729/692 1330/727/690 1331/728/691
f 1301/693/661 1303/695/663 1333/730/693
f 1334/731/694 1332/729/692 1333/730/693
f 1303/695/663 1336/734/697 1335/732/695
f 1338/733/696 1337/760/716 1335/732/695
f 1339/735/698 1338/733/696 1336/734/697
f 1304/696/664 1306/697/665 1336/734/697
f 1341/736/699 1340/762/718 1338/733/696
f 1342/737/700 1341/736/699 1339/735/698
f 1306/697/665 1307/699/667 1309/700/668
f 1344/738/701 1343/766/722 1341/736/699
f 1345/739/702 1344/738/701 1342/737/700
f 1310/702/670 1312/703/671 1342/737/700
f 1347/740/703 1346/769/725 1344/738/701
f 1348/741/704 1347/740/703 1345/739/702
f 1312/703/671 1313/705/673 1315/742/705
f 1350/743/706 1349/772/728 1347/740/703
f 1351/744/707 1350/743/706 1348/741/704
f 1315/742/705 1316/706/674 1352/745/708
f 1353/746/709 1351/744/707 1352/745/708
f 1316/706/674 1317/708/676 1354/747/710
f 1355/748/711 1353/746/709 1354/747/710
f 1317/708/676 1319/710/678 1356/749/712
f 573/750/256 1355/748/711 1356/749/712
f 1319/710/678 492/712/218 576/751/257
f 1332/729/692 579/754/260 582/752/258
f 496/753/259 1328/725/688 1330/727/690
f 1334/731/694 578/756/261 579/754/260
f 1357/755/713 583/758/263 578/756/261
f 1358/757/714 587/787/293 583/758/263
f 1359/759/715 1358/757/714 1357/755/713
f 1334/731/694 1335/732/695 1337/760/716
f 1361/761/717 1360/786/739 1358/757/714
f 1340/762/718 1362/764/720 1361/761/717
f 1337/760/716 1338/733/696 1340/762/718
f 1364/763/719 1363/791/742 1361/761/717
f 1365/765/721 1364/763/719 1362/764/720
f 1340/762/718 1341/736/699 1343/766/722
f 1367/767/723 1366/794/745 1364/763/719
f 1368/768/724 1367/767/723 1365/765/721
f 1343/766/722 1344/738/701 1346/769/725
f 1370/770/726 1369/797/748 1367/767/723
f 1371/771/727 1370/770/726 1368/768/724
f 1346/769/725 1347/740/703 1349/772/728
f 1373/773/729 1372/800/751 1370/770/726
f 1374/774/730 1373/773/729 1371/771/727
f 1349/772/728 1350/743/706 1375/775/731
f 1376/776/732 1374/774/730 1375/775/731
f 1350/743/706 1351/744/707 1377/777/733
f 1378/778/734 1376/776/732 1377/777/733
f 1351/744/707 1353/746/709 1379/779/735
f 1380/780/736 1378/778/734 1379/779/735
f 1353/746/709 1355/748/711 1381/781/737
f 638/782/288 1380/780/736 1381/781/737
f 1355/748/711 573/750/256 640/783/289
f 1382/784/738 644/789/294 642/785/290
f 587/787/293 1358/757/714 1360/786/739
f 1383/788/740 647/817/323 644/789/294
f 1384/790/741 1383/788/740 1382/784/738
f 1360/786/739 1361/761/717 1363/791/742
f 1386/792/743 1385/816/764 1383/788/740
f 1387/793/744 1386/792/743 1384/790/741
f 1363/791/742 1364/763/719 1366/794/745
f 1389/795/746 1388/821/767 1386/792/743
f 1390/796/747 1389/795/746 1387/793/744
f 1366/794/745 1367/767/723 1369/797/748
f 1392/798/749 1391/824/770 1389/795/746
f 1393/799/750 1392/798/749 1390/796/747
f 1369/797/748 1370/770/726 1372/800/751
f 1395/801/752 1394/827/773 1392/798/749
f 1396/802/753 1395/801/752 1393/799/750
f 1372/800/751 1373/773/729 1397/803/754
f 1398/804/755 1396/802/753 1397/803/754
f 1373/773/729 1374/774/730 1399/805/756
f 1400/806/757 1398/804/755 1399/805/756
f 1374/774/730 1376/776/732 1401/807/758
f 1402/808/759 1400/806/757 1401/807/758
f 1376/776/732 1378/778/734 1403/809/760
f 1404/810/761 1402/808/759 1403/809/760
f 1378/778/734 1380/780/736 1405/811/762
f 696/812/318 1404/810/761 1405/811/762
f 1380/780/736 638/782/288 698/813/319
f 1406/814/763 702/1924/1428 699/815/320
f 647/817/323 1383/788/740 1385/816/764
f 705/818/324 702/1924/1428 1406/814/763
f 1408/820/766 1407/819/765 1406/814/763
f 1385/816/764 1386/792/743 1388/821/767
f 1410/822/768 1409/845/788 1407/819/765
f 1411/823/769 1410/822/768 1408/820/766
f 1388/821/767 1389/795/746 1391/824/770
f 1413/825/771 1412/849/791 1410/822/768
f 1414/826/772 1413/825/771 1411/823/769
f 1391/824/770 1392/798/749 1394/827/773
f 1416/828/774 1415/852/794 1413/825/771
f 1417/829/775 1416/828/774 1414/826/772
f 1394/827/773 1395/801/752 1418/830/776
f 1419/831/777 1417/829/775 1418/830/776
f 1395/801/752 1396/802/753 1420/832/778
f 1421/833/779 1419/831/777 1420/832/778
f 1396/802/753 1398/804/755 1422/834/780
f 1423/835/781 1421/833/779 1422/834/780
f 1398/804/755 1400/806/757 1424/836/782
f 1425/837/783 1423/835/781 1424/836/782
f 1400/806/757 1402/808/759 1426/838/784
f 1427/839/785 1425/837/783 1426/838/784
f 1402/808/759 1404/810/761 1428/840/786
f 752/841/347 1427/839/785 1428/840/786
f 1404/810/761 696/812/318 754/842/348
f 1429/843/787 758/847/352 756/844/349
f 705/818/324 1407/819/765 1409/845/788
f 1430/846/789 762/872/378 758/847/352
f 1431/848/790 1430/846/789 1429/843/787
f 1409/845/788 1410/822/768 1412/849/791
f 1433/850/792 1432/869/809 1430/846/789
f 1434/851/793 1433/850/792 1431/848/790
f 1412/849/791 1413/825/771 1415/852/794
f 1436/853/795 1435/876/812 1433/850/792
f 1437/854/796 1436/853/795 1434/851/793
f 1415/852/794 1416/828/774 1438/855/797
f 1439/856/798 1437/854/796 1438/855/797
f 1416/828/774 1417/829/775 1440/857/799
f 1441/858/800 1439/856/798 1440/857/799
f 1417/829/775 1419/831/777 1442/859/801
f 1444/860/802 1443/862/804 1441/858/800
f 1419/831/777 1421/833/779 1444/860/802
f 1446/861/803 1445/891/827 1443/862/804
f 1421/833/779 1423/835/781 1446/861/803
f 1447/863/805 1445/891/827 1446/861/803
f 1423/835/781 1425/837/783 1448/864/806
f 1449/865/807 1447/863/805 1448/864/806
f 1425/837/783 1427/839/785 1450/866/808
f 805/867/373 1449/865/807 1450/866/808
f 1427/839/785 752/841/347 807/868/374
f 1432/869/809 1451/874/810 812/870/375
f 762/872/378 1430/846/789 1432/869/809
f 815/873/380 812/870/375 1451/874/810
f 1435/876/812 1453/878/814 1452/875/811
f 1432/869/809 1433/850/792 1435/876/812
f 1454/877/813 1452/875/811 1453/878/814
f 1457/880/816 1456/882/818 1455/879/815
f 1436/853/795 1457/880/816 1453/878/814
f 1459/881/817 1458/884/820 1456/882/818
f 1437/854/796 1459/881/817 1457/880/816
f 1461/883/819 1460/886/822 1458/884/820
f 1439/856/798 1461/883/819 1459/881/817
f 1463/885/821 1462/888/824 1460/886/822
f 1441/858/800 1463/885/821 1461/883/819
f 1465/887/823 1464/890/826 1462/888/824
f 1443/862/804 1465/887/823 1463/885/821
f 1467/889/825 1466/893/829 1464/890/826
f 1445/891/827 1467/889/825 1465/887/823
f 1469/892/828 1468/895/831 1466/893/829
f 1447/863/805 1469/892/828 1467/889/825
f 1471/894/830 1470/897/832 1468/895/831
f 1449/865/807 1471/894/830 1469/892/828
f 860/896/403 858/925/431 1470/897/832
f 805/867/373 860/896/403 1471/894/830
f 1454/877/813 1472/904/835 864/898/404
f 1452/875/811 1454/877/813 861/899/405
f 1473/900/833 879/944/449 882/901/406
f 867/903/409 1475/905/836 1474/902/834
f 867/903/409 864/898/404 1472/904/835
f 1477/906/837 1476/950/872 1474/902/834
f 1478/907/838 1477/906/837 1475/905/836
f 1472/904/835 1454/877/813 1455/879/815
f 1480/908/839 1479/910/841 1477/906/837
f 1456/882/818 1480/908/839 1478/907/838
f 1482/909/840 1481/912/843 1479/910/841
f 1458/884/820 1482/909/840 1480/908/839
f 1484/911/842 1483/914/845 1481/912/843
f 1460/886/822 1484/911/842 1482/909/840
f 1486/913/844 1485/916/847 1483/914/845
f 1462/888/824 1486/913/844 1484/911/842
f 1488/915/846 1487/918/849 1485/916/847
f 1464/890/826 1488/915/846 1486/913/844
f 1490/917/848 1489/920/851 1487/918/849
f 1466/893/829 1490/917/848 1488/915/846
f 1492/919/850 1491/922/853 1489/920/851
f 1468/895/831 1492/919/850 1490/917/848
f 1494/921/852 1493/924/854 1491/922/853
f 1470/897/832 1494/921/852 1492/919/850
f 929/923/430 927/966/471 1493/924/854
f 858/925/431 929/923/430 1494/921/852
f 1496/926/855 1495/968/888 933/927/432
f 870/929/435 1556/931/857 1496/926/855
f 1498/930/856 1497/933/859 1496/926/855
f 1500/932/858 1499/934/860 1497/933/859
f 1502/938/864 1501/937/863 1557/935/861
f 1501/937/863 1499/934/860 1557/935/861
f 1558/936/862 1503/973/892 1501/937/863
f 1504/939/865 1561/1925/970 974/940/444
f 1505/942/866 1504/939/865 976/941/446
f 879/944/449 1473/900/833 1505/942/866
f 1507/945/867 1506/980/899 1504/939/865
f 1473/900/833 1508/946/868 1507/945/867
f 1474/902/834 1476/950/872 1508/946/868
f 1509/947/869 1507/945/867 1508/946/868
f 1511/949/871 1510/948/870 1508/946/868
f 1476/950/872 1477/906/837 1479/910/841
f 1513/951/873 1512/953/875 1510/948/870
f 1481/912/843 1513/951/873 1511/949/871
f 1515/952/874 1514/955/877 1512/953/875
f 1483/914/845 1515/952/874 1513/951/873
f 1517/954/876 1516/957/879 1514/955/877
f 1485/916/847 1517/954/876 1515/952/874
f 1519/956/878 1518/959/881 1516/957/879
f 1487/918/849 1519/956/878 1517/954/876
f 1521/958/880 1520/961/883 1518/959/881
f 1489/920/851 1521/958/880 1519/956/878
f 1523/960/882 1522/963/885 1520/961/883
f 1491/922/853 1523/960/882 1521/958/880
f 1525/962/884 1524/965/886 1522/963/885
f 1493/924/854 1525/962/884 1523/960/882
f 1024/964/470 932/969/474 1524/965/886
f 927/966/471 1024/964/470 1525/962/884
f 1526/967/887 1522/963/885 1524/965/886
f 932/969/474 933/927/432 1495/968/888
f 1527/970/889 1520/961/883 1522/963/885
f 1499/934/860 1527/970/889 1526/967/887
f 1496/926/855 1497/933/859 1526/967/887
f 1528/971/890 1518/959/881 1520/961/883
f 1501/937/863 1528/971/890 1527/970/889
f 1529/972/891 1516/957/879 1518/959/881
f 1503/973/892 1529/972/891 1528/971/890
f 1530/974/893 1514/955/877 1516/957/879
f 1503/973/892 1531/976/895 1530/974/893
f 1532/975/894 1530/974/893 1531/976/895
f 1559/978/897 1534/984/903 1533/977/896
f 1558/936/862 1559/978/897 1531/976/895
f 1546/979/898 1041/1921/1429 1040/486/483
f 1040/486/483 1043/491/488 1546/979/898
f 1506/980/899 1535/983/902 1536/981/900
f 1537/982/901 1561/1925/970 1504/939/865
f 1506/980/899 1507/945/867 1509/947/869
f 1509/947/869 1532/975/894 1533/977/896
f 1510/948/870 1512/953/875 1532/975/894
f 1512/953/875 1514/955/877 1530/974/893
f 1560/985/904 1536/981/900 1535/983/902
f 1535/983/902 1533/977/896 1560/985/904
f 497/986/489 1321/714/680 1328/725/688
f 1283/722/685 1284/673/641 1286/675/643
f 1252/635/608 1254/637/610 1257/684/652
f 1237/620/593 1239/622/595 1245/678/646
f 1210/586/566 1214/592/569 1216/642/615
f 1551/509/501 1552/513/505 1126/570/550
f 142/990/906 220/1445/906 222/991/907
f 149/993/908 216/1454/908 217/994/909
f 158/996/910 212/1109/910 214/997/911
f 330/999/912 319/1461/912 210/1000/913
f 173/1002/914 204/1502/914 205/1003/915
f 182/1005/916 1065/1503/916 1064/1006/917
f 190/1008/918 1067/1504/918 1066/1009/919
f 195/1011/920 1069/1015/920 1068/1012/921
f 199/1014/922 318/1123/922 1069/1015/920
f 314/1016/923 1073/1509/923 1072/1017/924
f 310/1019/925 1075/1510/925 1074/1020/926
f 306/1022/927 1077/1511/927 1076/1023/928
f 302/1025/929 1079/1512/929 1078/1026/930
f 297/1028/931 1081/1513/931 1080/1029/932
f 294/1031/933 1083/1514/933 1082/1032/934
f 290/1034/935 1085/1515/935 1084/1035/936
f 286/1037/937 1089/1516/937 1087/1038/938
f 281/1040/939 1092/1517/939 1091/1041/940
f 277/1043/941 1096/1518/941 1094/1044/942
f 273/1046/943 1100/1519/943 1098/1047/944
f 269/1049/945 1103/1520/945 1102/1050/946
f 265/1052/947 1106/1521/947 1105/1053/948
f 261/1055/949 1110/1522/949 1108/1056/950
f 257/1058/951 1114/1523/951 1113/1059/952
f 254/1061/953 1119/1524/953 1117/1062/954
f 250/1064/955 1121/1912/955 1120/1065/956
f 246/1067/957 1123/1071/957 1122/1068/958
f 243/1070/959 1124/1073/959 1123/1071/957
f 242/1072/960 1125/1075/960 1124/1073/959
f 240/1074/961 1127/1077/961 1125/1075/960
f 238/1076/962 1128/1079/962 1127/1077/961
f 236/1078/963 1130/1081/963 1128/1079/962
f 234/1080/964 1132/1083/964 1130/1081/963
f 231/1082/965 1134/1914/965 1132/1083/964
f 228/1084/966 1138/1088/966 1136/1085/967
f 225/1087/968 1139/1897/968 1138/1088/966
f 1041/1926/1429 1546/1093/898 1139/1897/968
f 1546/1093/898 1140/1092/969 1139/1897/968
f 225/1087/968 223/1095/969 1539/1927/495
f 225/1087/968 1539/1927/495 87/1928/30
f 961/1929/484 1041/1926/1429 1139/1897/968
f 225/1087/968 87/1928/30 1540/1930/29
f 225/1087/968 1540/1930/29 1541/1931/32
f 961/1929/484 1139/1897/968 957/1932/443
f 1139/1897/968 225/1087/968 97/1933/34
f 957/1932/443 1139/1897/968 954/1091/441
f 954/1091/441 1139/1897/968 97/1933/34
f 225/1087/968 1541/1931/32 97/1933/34
f 97/1933/34 1542/1089/37 954/1091/441
f 1045/1094/485 1547/1443/487 1140/1092/969
f 1547/1443/487 1142/1442/907 1140/1092/969
f 83/1097/20 1539/1927/495 223/1095/969
f 223/1095/969 222/991/907 76/1096/17
f 1561/1100/970 1537/1452/901 1146/1901/909
f 1146/1901/909 1144/1098/906 1561/1100/970
f 1549/1102/528 148/1934/50 220/1498/906
f 220/1498/906 217/994/909 1549/1102/528
f 1555/1105/512 1137/1935/510 1556/1936/857
f 1137/1935/510 1498/1937/856 1556/1936/857
f 1556/1936/857 870/1103/435 1555/1105/512
f 1502/1938/864 1557/1459/861 1554/1939/507
f 1502/1938/864 1554/1939/507 1553/1940/506
f 1558/1941/862 1502/1938/864 1149/1460/911
f 1502/1938/864 1553/1940/506 1149/1460/911
f 1553/1940/506 1552/1107/505 214/997/911
f 1149/1460/911 1553/1940/506 214/997/911
f 1116/1942/503 1550/1455/500 214/997/911
f 1550/1455/500 216/1454/908 214/997/911
f 1149/1460/911 1147/1451/908 1560/1943/904
f 1149/1460/911 1560/1943/904 1534/1944/903
f 1551/1106/501 1116/1942/503 214/997/911
f 1149/1460/911 1534/1944/903 1559/1945/897
f 1149/1460/911 1559/1945/897 1558/1941/862
f 210/1000/913 1154/1462/913 1151/1108/910
f 205/1110/915 1157/1463/915 1155/1111/971
f 1064/1113/917 1161/1464/917 1159/1114/914
f 1066/1116/919 1165/1465/919 1163/1117/916
f 1068/1119/921 1169/1466/921 1167/1120/918
f 1/1122/924 316/1467/924 318/1123/922
f 5/1124/926 312/1468/926 314/1125/923
f 9/1127/928 308/1469/928 310/1128/925
f 13/1130/930 304/1470/930 306/1131/927
f 17/1133/932 299/1471/932 302/1134/929
f 21/1136/934 296/1472/934 297/1137/931
f 25/1139/936 292/1473/936 294/1140/933
f 29/1142/938 288/1474/938 290/1143/935
f 34/1145/940 284/1475/940 286/1146/937
f 37/1148/942 280/1476/942 281/1149/939
f 41/1151/944 275/1477/944 277/1152/941
f 47/1154/946 271/1478/946 273/1155/943
f 58/1157/948 267/1479/948 269/1158/945
f 65/1160/950 263/1480/950 265/1161/947
f 72/1163/952 259/1481/952 261/1164/949
f 78/1166/954 255/1482/954 257/1167/951
f 85/1169/956 252/1483/956 254/1170/953
f 92/1172/958 248/1484/958 250/1173/955
f 96/1175/959 243/1485/959 246/1176/957
f 104/1178/961 240/1487/961 242/1179/960
f 138/1181/972 443/1299/1089 447/1182/973
f 46/1184/975 397/1212/1003 400/1185/976
f 140/1187/978 452/1301/1091 385/1188/979
f 50/1190/981 402/1219/1010 405/1191/982
f 146/1193/984 384/1303/1093 392/1194/985
f 52/1196/987 403/1226/1017 455/1197/988
f 147/1199/990 389/1305/1095 387/1200/991
f 56/1202/993 457/1900/1024 453/1203/994
f 152/1205/996 408/1307/1097 393/1206/997
f 60/1208/999 428/1241/1031 430/1209/1000
f 155/1211/1002 396/1309/1099 397/1212/1003
f 63/1213/1004 432/1248/1038 424/1214/1005
f 84/1216/1007 2/1280/1070 441/1217/1008
f 160/1186/977 400/1185/976 402/1219/1010
f 70/1220/1011 426/1255/1045 422/1221/1012
f 88/1223/1014 4/1256/1046 347/1224/1015
f 164/1192/983 405/1191/982 403/1226/1017
f 188/1227/1018 71/1260/1050 433/1228/1019
f 91/1230/1021 6/1261/1051 352/1231/1022
f 168/1198/989 455/1197/988 457/1233/1024
f 191/1235/1025 73/1265/1055 418/1236/1026
f 93/1238/1028 7/1266/1056 346/1239/1029
f 172/1204/995 453/1203/994 428/1241/1031
f 198/1242/1032 75/1270/1060 413/1243/1033
f 95/1245/1035 10/1271/1061 355/1246/1036
f 175/1210/1001 430/1209/1000 432/1248/1038
f 201/1249/1039 81/1275/1065 409/1250/1040
f 98/1252/1042 12/1276/1066 339/1253/1043
f 180/1215/1006 424/1214/1005 426/1255/1045
f 4/1256/1046 84/1216/1007 445/1218/1009
f 102/1257/1047 14/1281/1071 336/1258/1048
f 186/1222/1013 422/1221/1012 433/1228/1019
f 6/1261/1051 88/1223/1014 349/1225/1016
f 108/1262/1052 16/1285/1075 331/1263/1053
f 73/1265/1055 188/1227/1018 415/1229/1020
f 7/1266/1056 91/1230/1021 344/1232/1023
f 111/1267/1057 18/1289/1079 437/1268/1058
f 75/1270/1060 191/1235/1025 420/1237/1027
f 10/1271/1061 93/1238/1028 353/1240/1030
f 112/1272/1062 20/1293/1083 360/1273/1063
f 81/1275/1065 198/1242/1032 411/1244/1034
f 12/1276/1066 95/1245/1035 337/1247/1037
f 116/1277/1067 22/1297/1087 366/1278/1068
f 2/1280/1070 201/1249/1039 449/1251/1041
f 14/1281/1071 98/1252/1042 341/1254/1044
f 120/1282/1072 23/1300/1090 363/1283/1073
f 16/1285/1075 102/1257/1047 334/1259/1049
f 26/1286/1076 370/1302/1092 374/1287/1077
f 18/1289/1079 108/1262/1052 439/1264/1054
f 28/1290/1080 372/1304/1094 381/1291/1081
f 20/1293/1083 111/1267/1057 435/1269/1059
f 30/1294/1084 376/1306/1096 380/1295/1085
f 22/1297/1087 112/1272/1062 358/1274/1064
f 32/1298/1088 378/1308/1098 443/1299/1089
f 23/1300/1090 116/1277/1067 368/1279/1069
f 33/1183/974 447/1182/973 452/1301/1091
f 26/1286/1076 120/1282/1072 362/1284/1074
f 36/1189/980 385/1188/979 384/1303/1093
f 123/1288/1078 374/1287/1077 372/1304/1094
f 38/1195/986 392/1194/985 389/1305/1095
f 128/1292/1082 381/1291/1081 376/1306/1096
f 40/1201/992 387/1200/991 408/1307/1097
f 134/1296/1086 380/1295/1085 378/1308/1098
f 42/1207/998 393/1206/997 396/1309/1099
f 330/1332/1100 161/1333/1100 459/1312/1100
f 323/1344/1100 118/1345/1100 459/1312/1100
f 318/1439/922 1071/1915/922 1172/1440/920
f 1548/1444/1101 974/1946/444 1144/1899/906
f 1144/1899/906 1142/1442/907 1548/1444/1101
f 1538/1447/18 76/1096/17 222/991/907
f 222/991/907 220/1445/906 1538/1447/18
f 1544/1450/1102 945/439/436 109/438/39
f 1543/1448/42 43/1947/43 870/1449/435
f 1544/1450/1102 109/438/39 1543/1448/42
f 1536/1453/900 1560/1943/904 1147/1451/908
f 1147/1451/908 1146/1901/909 1537/1452/901
f 1112/1456/496 1104/1101/498 216/1454/908
f 1104/1101/498 217/994/909 216/1454/908
f 1500/1457/858 1498/1937/856 1137/1935/510
f 1133/1458/509 1554/1939/507 1557/1459/861
f 1500/1457/858 1137/1935/510 1133/1458/509
f 212/1109/910 1151/1108/910 1149/1460/911
f 319/1461/912 1070/1902/912 1154/1462/913
f 204/1115/914 1159/1114/914 1157/1463/915
f 1065/1118/916 1163/1117/916 1161/1464/917
f 1067/1121/918 1167/1120/918 1165/1465/919
f 1069/1441/920 1172/1440/920 1169/1466/921
f 3/1126/923 314/1125/923 316/1467/924
f 8/1129/925 310/1128/925 312/1468/926
f 11/1132/927 306/1131/927 308/1469/928
f 15/1135/929 302/1134/929 304/1470/930
f 19/1138/931 297/1137/931 299/1471/932
f 24/1141/933 294/1140/933 296/1472/934
f 27/1144/935 290/1143/935 292/1473/936
f 31/1147/937 286/1146/937 288/1474/938
f 35/1150/939 281/1149/939 284/1475/940
f 39/1153/941 277/1152/941 280/1476/942
f 44/1156/943 273/1155/943 275/1477/944
f 54/1159/945 269/1158/945 271/1478/946
f 62/1162/947 265/1161/947 267/1479/948
f 67/1165/949 261/1164/949 263/1480/950
f 74/1168/951 257/1167/951 259/1481/952
f 79/1171/953 254/1170/953 255/1482/954
f 89/1174/955 250/1173/955 252/1483/956
f 94/1177/957 246/1176/957 248/1484/958
f 101/1180/960 242/1179/960 243/1485/959
f 107/1486/962 238/1489/962 240/1487/961
f 110/1488/963 236/1491/963 238/1489/962
f 113/1490/964 234/1493/964 236/1491/963
f 118/1492/965 231/1896/965 234/1493/964
f 126/1494/966 228/1084/966 229/1086/967
f 130/1496/968 225/1087/968 228/1084/966
f 131/1497/969 223/1095/969 225/1087/968
f 136/992/907 222/991/907 223/1095/969
f 144/995/909 217/994/909 220/1498/906
f 154/998/911 214/997/911 216/1454/908
f 161/1001/913 210/1000/913 212/1109/910
f 170/1004/915 205/1003/915 208/1500/971
f 177/1007/917 1064/1006/917 204/1502/914
f 183/1010/919 1066/1009/919 1065/1503/916
f 194/1013/921 1068/1012/921 1067/1504/918
f 1136/1085/967 888/1620/1199 322/1505/1103
f 888/1620/1199 328/1619/1198 322/1505/1103
f 319/1461/912 330/999/912 166/1501/971
f 319/1507/912 208/1112/971 1155/1111/971
f 312/1021/926 1074/1020/926 1073/1509/923
f 308/1024/928 1076/1023/928 1075/1510/925
f 304/1027/930 1078/1026/930 1077/1511/927
f 299/1030/932 1080/1029/932 1079/1512/929
f 296/1033/934 1082/1032/934 1081/1513/931
f 292/1036/936 1084/1035/936 1083/1514/933
f 288/1039/938 1087/1038/938 1085/1515/935
f 284/1042/940 1091/1041/940 1089/1516/937
f 280/1045/942 1094/1044/942 1092/1517/939
f 275/1048/944 1098/1047/944 1096/1518/941
f 271/1051/946 1102/1050/946 1100/1519/943
f 267/1054/948 1105/1053/948 1103/1520/945
f 263/1057/950 1108/1056/950 1106/1521/947
f 259/1060/952 1113/1059/952 1110/1522/949
f 255/1063/954 1117/1062/954 1114/1523/951
f 252/1066/956 1120/1065/956 1119/1524/953
f 713/1525/1104 718/1528/1107 712/1526/1105
f 718/1528/1107 719/1530/1109 710/1529/1108
f 719/1530/1109 722/1532/1111 708/1531/1110
f 722/1532/1111 716/1538/1117 704/1533/1112
f 723/1534/1113 727/1535/1114 718/1528/1107
f 727/1535/1114 729/1536/1115 719/1530/1109
f 729/1536/1115 731/1537/1116 722/1532/1111
f 731/1537/1116 725/1543/1122 716/1538/1117
f 733/1539/1118 737/1540/1119 727/1535/1114
f 737/1540/1119 739/1541/1120 729/1536/1115
f 739/1541/1120 741/1542/1121 731/1537/1116
f 741/1542/1121 735/1548/1127 725/1543/1122
f 743/1544/1123 747/1545/1124 737/1540/1119
f 747/1545/1124 749/1546/1125 739/1541/1120
f 749/1546/1125 751/1547/1126 741/1542/1121
f 751/1547/1126 746/1553/1132 735/1548/1127
f 753/1549/1128 757/1550/1129 747/1545/1124
f 757/1550/1129 759/1551/1130 749/1546/1125
f 759/1551/1130 761/1552/1131 751/1547/1126
f 761/1552/1131 755/1558/1137 746/1553/1132
f 764/1554/1133 767/1555/1134 757/1550/1129
f 767/1555/1134 769/1556/1135 759/1551/1130
f 769/1556/1135 771/1557/1136 761/1552/1131
f 771/1557/1136 765/1563/1142 755/1558/1137
f 773/1559/1138 777/1560/1139 767/1555/1134
f 777/1560/1139 780/1561/1140 769/1556/1135
f 780/1561/1140 781/1562/1141 771/1557/1136
f 781/1562/1141 775/1568/1147 765/1563/1142
f 783/1564/1143 787/1565/1144 777/1560/1139
f 787/1565/1144 789/1566/1145 780/1561/1140
f 789/1566/1145 791/1567/1146 781/1562/1141
f 791/1567/1146 785/1573/1152 775/1568/1147
f 794/1569/1148 798/1570/1149 787/1565/1144
f 798/1570/1149 800/1571/1150 789/1566/1145
f 800/1571/1150 802/1572/1151 791/1567/1146
f 802/1572/1151 795/1578/1157 785/1573/1152
f 803/1574/1153 808/1575/1154 798/1570/1149
f 808/1575/1154 809/1576/1155 800/1571/1150
f 809/1576/1155 811/1577/1156 802/1572/1151
f 811/1577/1156 806/1583/1162 795/1578/1157
f 814/1579/1158 818/1580/1159 808/1575/1154
f 818/1580/1159 820/1581/1160 809/1576/1155
f 820/1581/1160 822/1582/1161 811/1577/1156
f 822/1582/1161 816/1588/1167 806/1583/1162
f 824/1584/1163 828/1585/1164 818/1580/1159
f 828/1585/1164 830/1586/1165 820/1581/1160
f 830/1586/1165 831/1587/1166 822/1582/1161
f 831/1587/1166 826/1593/1172 816/1588/1167
f 833/1589/1168 837/1590/1169 828/1585/1164
f 837/1590/1169 839/1591/1170 830/1586/1165
f 839/1591/1170 841/1592/1171 831/1587/1166
f 841/1592/1171 835/1598/1177 826/1593/1172
f 844/1594/1173 847/1595/1174 837/1590/1169
f 847/1595/1174 850/1596/1175 839/1591/1170
f 850/1596/1175 852/1597/1176 841/1592/1171
f 852/1597/1176 846/1603/1182 835/1598/1177
f 854/1599/1178 857/1600/1179 847/1595/1174
f 857/1600/1179 859/1601/1180 850/1596/1175
f 859/1601/1180 862/1602/1181 852/1597/1176
f 862/1602/1181 856/1608/1187 846/1603/1182
f 863/1604/1183 868/1605/1184 857/1600/1179
f 868/1605/1184 869/1606/1185 859/1601/1180
f 869/1606/1185 871/1607/1186 862/1602/1181
f 871/1607/1186 865/1613/1192 856/1608/1187
f 872/1609/1188 874/1610/1189 868/1605/1184
f 874/1610/1189 875/1611/1190 869/1606/1185
f 875/1611/1190 876/1612/1191 871/1607/1186
f 876/1612/1191 873/1618/1197 865/1613/1192
f 878/1614/1193 881/1615/1194 874/1610/1189
f 881/1615/1194 884/1616/1195 875/1611/1190
f 884/1616/1195 885/1617/1196 876/1612/1191
f 885/1617/1196 880/1624/1203 873/1618/1197
f 892/1621/1200 881/1615/1194 328/1619/1198
f 881/1615/1194 878/1614/1193 328/1619/1198
f 892/1621/1200 894/1622/1201 884/1616/1195
f 894/1622/1201 896/1623/1202 885/1617/1196
f 896/1623/1202 890/1629/1208 880/1624/1203
f 898/1625/1204 902/1626/1205 892/1621/1200
f 902/1626/1205 904/1627/1206 894/1622/1201
f 904/1627/1206 906/1628/1207 896/1623/1202
f 906/1628/1207 899/1634/1213 890/1629/1208
f 908/1630/1209 911/1631/1210 902/1626/1205
f 911/1631/1210 913/1632/1211 904/1627/1206
f 913/1632/1211 915/1633/1212 906/1628/1207
f 915/1633/1212 909/1639/1218 899/1634/1213
f 918/1635/1214 922/1636/1215 911/1631/1210
f 922/1636/1215 924/1637/1216 913/1632/1211
f 924/1637/1216 926/1638/1217 915/1633/1212
f 926/1638/1217 919/1644/1223 909/1639/1218
f 928/1640/1219 931/1641/1220 922/1636/1215
f 931/1641/1220 934/1642/1221 924/1637/1216
f 934/1642/1221 936/1643/1222 926/1638/1217
f 936/1643/1222 930/1649/1228 919/1644/1223
f 938/1645/1224 941/1646/1225 931/1641/1220
f 941/1646/1225 943/1647/1226 934/1642/1221
f 943/1647/1226 944/1648/1227 936/1643/1222
f 944/1648/1227 940/1898/1233 930/1649/1228
f 946/1650/1229 949/1653/1230 941/1651/1225
f 949/1653/1230 952/1655/1231 943/1654/1226
f 952/1655/1231 953/1657/1232 944/1656/1227
f 953/1657/1232 947/1663/1238 940/1658/1233
f 956/1659/1234 959/1660/1235 949/1653/1230
f 959/1660/1235 960/1661/1236 952/1655/1231
f 960/1661/1236 962/1662/1237 953/1657/1232
f 962/1662/1237 958/1668/1243 947/1663/1238
f 963/1664/1239 965/1665/1240 959/1660/1235
f 965/1665/1240 966/1666/1241 960/1661/1236
f 966/1666/1241 967/1667/1242 962/1662/1237
f 967/1667/1242 964/1673/1248 958/1668/1243
f 968/1669/1244 970/1670/1245 965/1665/1240
f 970/1670/1245 971/1671/1246 966/1666/1241
f 971/1671/1246 972/1672/1247 967/1667/1242
f 972/1672/1247 969/1678/1253 964/1673/1248
f 973/1674/1249 977/1675/1250 970/1670/1245
f 977/1675/1250 978/1676/1251 971/1671/1246
f 978/1676/1251 980/1677/1252 972/1672/1247
f 980/1677/1252 975/1684/1259 969/1678/1253
f 986/1681/1256 977/1675/1250 325/1679/1254
f 977/1675/1250 973/1674/1249 325/1679/1254
f 986/1681/1256 988/1682/1257 978/1676/1251
f 988/1682/1257 990/1683/1258 980/1677/1252
f 990/1683/1258 984/1689/1264 975/1684/1259
f 992/1685/1260 995/1686/1261 986/1681/1256
f 995/1686/1261 998/1687/1262 988/1682/1257
f 998/1687/1262 999/1688/1263 990/1683/1258
f 999/1688/1263 993/1694/1269 984/1689/1264
f 1001/1690/1265 1006/1691/1266 995/1686/1261
f 1006/1691/1266 1008/1692/1267 998/1687/1262
f 1008/1692/1267 1010/1693/1268 999/1688/1263
f 1010/1693/1268 1003/1699/1274 993/1694/1269
f 1012/1695/1270 1015/1696/1271 1006/1691/1266
f 1015/1696/1271 1017/1697/1272 1008/1692/1267
f 1017/1697/1272 1020/1698/1273 1010/1693/1268
f 1020/1698/1273 1014/1704/1279 1003/1699/1274
f 1021/1700/1275 1025/1701/1276 1015/1696/1271
f 1025/1701/1276 1027/1702/1277 1017/1697/1272
f 1027/1702/1277 1029/1703/1278 1020/1698/1273
f 1029/1703/1278 1023/1709/1284 1014/1704/1279
f 1031/1705/1280 1035/1706/1281 1025/1701/1276
f 1035/1706/1281 1037/1707/1282 1027/1702/1277
f 1037/1707/1282 1039/1708/1283 1029/1703/1278
f 1039/1708/1283 1033/1714/1289 1023/1709/1284
f 1042/1710/1285 1046/1711/1286 1035/1706/1281
f 1046/1711/1286 1047/1712/1287 1037/1707/1282
f 1047/1712/1287 1048/1713/1288 1039/1708/1283
f 1048/1713/1288 1044/1719/1294 1033/1714/1289
f 1049/1715/1290 1051/1716/1291 1046/1711/1286
f 1051/1716/1291 1052/1717/1292 1047/1712/1287
f 1052/1717/1292 1053/1718/1293 1048/1713/1288
f 1053/1718/1293 1050/1724/1299 1044/1719/1294
f 1054/1720/1295 1056/1721/1296 1051/1716/1291
f 1056/1721/1296 1057/1722/1297 1052/1717/1292
f 1057/1722/1297 1058/1723/1298 1053/1718/1293
f 1058/1723/1298 1055/1729/1304 1050/1724/1299
f 1059/1725/1300 1061/1726/1301 1056/1721/1296
f 1061/1726/1301 1062/1727/1302 1057/1722/1297
f 1062/1727/1302 1063/1728/1303 1058/1723/1298
f 1063/1728/1303 1060/1730/1305 1055/1729/1304
f 1060/1730/1305 1063/1728/1303 471/1731/1306
f 1063/1728/1303 1062/1727/1302 469/1733/1308
f 1062/1727/1302 1061/1726/1301 468/1734/1309
f 1061/1726/1301 1059/1725/1300 464/1735/1310
f 474/1736/1311 478/1737/1312 468/1734/1309
f 478/1737/1312 479/1738/1313 469/1733/1308
f 479/1738/1313 482/1739/1314 471/1731/1306
f 482/1739/1314 475/1744/1319 466/1732/1307
f 483/1740/1315 487/1741/1316 478/1737/1312
f 487/1741/1316 489/1742/1317 479/1738/1313
f 489/1742/1317 491/1743/1318 482/1739/1314
f 491/1743/1318 485/1749/1324 475/1744/1319
f 494/1745/1320 498/1746/1321 487/1741/1316
f 498/1746/1321 500/1747/1322 489/1742/1317
f 500/1747/1322 502/1748/1323 491/1743/1318
f 502/1748/1323 495/1754/1329 485/1749/1324
f 504/1750/1325 508/1751/1326 498/1746/1321
f 508/1751/1326 509/1752/1327 500/1747/1322
f 509/1752/1327 512/1753/1328 502/1748/1323
f 512/1753/1328 506/1759/1334 495/1754/1329
f 514/1755/1330 517/1756/1331 508/1751/1326
f 517/1756/1331 519/1757/1332 509/1752/1327
f 519/1757/1332 521/1758/1333 512/1753/1328
f 521/1758/1333 515/1764/1339 506/1759/1334
f 523/1760/1335 527/1761/1336 517/1756/1331
f 527/1761/1336 529/1762/1337 519/1757/1332
f 529/1762/1337 531/1763/1338 521/1758/1333
f 531/1763/1338 525/1769/1344 515/1764/1339
f 533/1765/1340 537/1766/1341 527/1761/1336
f 537/1766/1341 539/1767/1342 529/1762/1337
f 539/1767/1342 541/1768/1343 531/1763/1338
f 541/1768/1343 535/1774/1349 525/1769/1344
f 543/1770/1345 547/1771/1346 537/1766/1341
f 547/1771/1346 549/1772/1347 539/1767/1342
f 549/1772/1347 551/1773/1348 541/1768/1343
f 551/1773/1348 546/1779/1354 535/1774/1349
f 553/1775/1350 557/1776/1351 547/1771/1346
f 557/1776/1351 560/1777/1352 549/1772/1347
f 560/1777/1352 562/1778/1353 551/1773/1348
f 562/1778/1353 555/1784/1359 546/1779/1354
f 563/1780/1355 568/1781/1356 557/1776/1351
f 568/1781/1356 570/1782/1357 560/1777/1352
f 570/1782/1357 572/1783/1358 562/1778/1353
f 572/1783/1358 566/1789/1364 555/1784/1359
f 574/1785/1360 577/1786/1361 568/1781/1356
f 577/1786/1361 580/1787/1362 570/1782/1357
f 580/1787/1362 581/1788/1363 572/1783/1358
f 581/1788/1363 575/1794/1369 566/1789/1364
f 584/1790/1365 588/1791/1366 577/1786/1361
f 588/1791/1366 589/1792/1367 580/1787/1362
f 589/1792/1367 591/1793/1368 581/1788/1363
f 591/1793/1368 586/1799/1374 575/1794/1369
f 593/1795/1370 597/1796/1371 588/1791/1366
f 597/1796/1371 599/1797/1372 589/1792/1367
f 599/1797/1372 601/1798/1373 591/1793/1368
f 601/1798/1373 595/1804/1379 586/1799/1374
f 604/1800/1375 608/1801/1376 597/1796/1371
f 608/1801/1376 610/1802/1377 599/1797/1372
f 610/1802/1377 612/1803/1378 601/1798/1373
f 612/1803/1378 606/1809/1384 595/1804/1379
f 614/1805/1380 618/1806/1381 608/1801/1376
f 618/1806/1381 620/1807/1382 610/1802/1377
f 620/1807/1382 622/1808/1383 612/1803/1378
f 622/1808/1383 615/1814/1389 606/1809/1384
f 624/1810/1385 628/1811/1386 618/1806/1381
f 628/1811/1386 630/1812/1387 620/1807/1382
f 630/1812/1387 632/1813/1388 622/1808/1383
f 632/1813/1388 625/1819/1394 615/1814/1389
f 633/1815/1390 637/1816/1391 628/1811/1386
f 637/1816/1391 639/1817/1392 630/1812/1387
f 639/1817/1392 641/1818/1393 632/1813/1388
f 641/1818/1393 636/1824/1399 625/1819/1394
f 643/1820/1395 648/1821/1396 637/1816/1391
f 648/1821/1396 650/1822/1397 639/1817/1392
f 650/1822/1397 652/1823/1398 641/1818/1393
f 652/1823/1398 645/1829/1404 636/1824/1399
f 653/1825/1400 657/1826/1401 648/1821/1396
f 657/1826/1401 660/1827/1402 650/1822/1397
f 660/1827/1402 661/1828/1403 652/1823/1398
f 661/1828/1403 655/1834/1409 645/1829/1404
f 663/1830/1405 667/1831/1406 657/1826/1401
f 667/1831/1406 670/1832/1407 660/1827/1402
f 670/1832/1407 672/1833/1408 661/1828/1403
f 672/1833/1408 666/1839/1414 655/1834/1409
f 673/1835/1410 677/1836/1411 667/1831/1406
f 677/1836/1411 680/1837/1412 670/1832/1407
f 680/1837/1412 682/1838/1413 672/1833/1408
f 682/1838/1413 675/1844/1419 666/1839/1414
f 684/1840/1415 688/1841/1416 677/1836/1411
f 688/1841/1416 690/1842/1417 680/1837/1412
f 690/1842/1417 692/1843/1418 682/1838/1413
f 692/1843/1418 686/1849/1424 675/1844/1419
f 694/1845/1420 697/1846/1421 688/1841/1416
f 697/1846/1421 700/1847/1422 690/1842/1417
f 700/1847/1422 701/1848/1423 692/1843/1418
f 701/1848/1423 695/1850/1425 686/1849/1424
f 706/1527/1106 712/1526/1105 697/1846/1421
f 712/1526/1105 710/1529/1108 700/1847/1422
f 710/1529/1108 708/1531/1110 701/1848/1423
f 708/1531/1110 704/1533/1112 695/1850/1425
f 1060/1730/1305 466/1732/1307 441/1217/1008
f 1072/1851/924 464/1735/1310 1059/1725/1300
f 475/1744/1319 445/1218/1009 441/1217/1008
f 1073/1853/923 474/1736/1311 464/1735/1310
f 475/1744/1319 485/1749/1324 347/1224/1015
f 1074/1854/926 483/1740/1315 474/1736/1311
f 495/1754/1329 349/1225/1016 347/1224/1015
f 1075/1855/925 494/1745/1320 483/1740/1315
f 352/1231/1022 349/1225/1016 495/1754/1329
f 1076/1856/928 504/1750/1325 494/1745/1320
f 352/1231/1022 506/1759/1334 515/1764/1339
f 1077/1857/927 514/1755/1330 504/1750/1325
f 515/1764/1339 525/1769/1344 346/1239/1029
f 1078/1858/930 523/1760/1335 514/1755/1330
f 346/1239/1029 525/1769/1344 535/1774/1349
f 1079/1859/929 533/1765/1340 523/1760/1335
f 535/1774/1349 546/1779/1354 355/1246/1036
f 1080/1860/932 543/1770/1345 533/1765/1340
f 555/1784/1359 337/1247/1037 355/1246/1036
f 1081/1861/931 553/1775/1350 543/1770/1345
f 339/1253/1043 337/1247/1037 555/1784/1359
f 1082/1862/934 563/1780/1355 553/1775/1350
f 575/1794/1369 341/1254/1044 339/1253/1043
f 1083/1863/933 574/1785/1360 563/1780/1355
f 575/1794/1369 586/1799/1374 336/1258/1048
f 1084/1864/936 584/1790/1365 574/1785/1360
f 595/1804/1379 334/1259/1049 336/1258/1048
f 1085/1865/935 593/1795/1370 584/1790/1365
f 595/1804/1379 606/1809/1384 331/1263/1053
f 1087/1866/938 604/1800/1375 593/1795/1370
f 615/1814/1389 439/1264/1054 331/1263/1053
f 1089/1867/937 614/1805/1380 604/1800/1375
f 615/1814/1389 625/1819/1394 437/1268/1058
f 1091/1868/940 624/1810/1385 614/1805/1380
f 636/1824/1399 435/1269/1059 437/1268/1058
f 1092/1869/939 633/1815/1390 624/1810/1385
f 636/1824/1399 645/1829/1404 360/1273/1063
f 1094/1870/942 643/1820/1395 633/1815/1390
f 655/1834/1409 358/1274/1064 360/1273/1063
f 1096/1871/941 653/1825/1400 643/1820/1395
f 366/1278/1068 358/1274/1064 655/1834/1409
f 1098/1872/944 663/1830/1405 653/1825/1400
f 675/1844/1419 368/1279/1069 366/1278/1068
f 1100/1873/943 673/1835/1410 663/1830/1405
f 675/1844/1419 686/1849/1424 363/1283/1073
f 1102/1874/946 684/1840/1415 673/1835/1410
f 695/1850/1425 362/1284/1074 363/1283/1073
f 1103/1875/945 694/1845/1420 684/1840/1415
f 370/1302/1092 362/1284/1074 695/1850/1425
f 1105/1876/948 706/1527/1106 694/1845/1420
f 370/1302/1092 704/1533/1112 716/1538/1117
f 1106/1877/947 713/1525/1104 706/1527/1106
f 716/1538/1117 725/1543/1122 372/1304/1094
f 1108/1878/950 723/1534/1113 713/1525/1104
f 735/1548/1127 381/1291/1081 372/1304/1094
f 1110/1879/949 733/1539/1118 723/1534/1113
f 735/1548/1127 746/1553/1132 376/1306/1096
f 1113/1880/952 743/1544/1123 733/1539/1118
f 755/1558/1137 380/1295/1085 376/1306/1096
f 1114/1881/951 753/1549/1128 743/1544/1123
f 755/1558/1137 765/1563/1142 378/1308/1098
f 1117/1882/954 764/1554/1133 753/1549/1128
f 775/1568/1147 443/1299/1089 378/1308/1098
f 1119/1883/953 773/1559/1138 764/1554/1133
f 447/1182/973 443/1299/1089 775/1568/1147
f 1120/1884/956 783/1564/1143 773/1559/1138
f 795/1578/1157 452/1301/1091 447/1182/973
f 1121/1885/955 794/1569/1148 783/1564/1143
f 795/1578/1157 806/1583/1162 385/1188/979
f 1122/1886/958 803/1574/1153 794/1569/1148
f 816/1588/1167 384/1303/1093 385/1188/979
f 1123/1887/957 814/1579/1158 803/1574/1153
f 392/1194/985 384/1303/1093 816/1588/1167
f 1124/1888/959 824/1584/1163 814/1579/1158
f 835/1598/1177 389/1305/1095 392/1194/985
f 1125/1889/960 833/1589/1168 824/1584/1163
f 835/1598/1177 846/1603/1182 387/1200/991
f 1127/1890/961 844/1594/1173 833/1589/1168
f 856/1608/1187 408/1307/1097 387/1200/991
f 1128/1891/962 854/1599/1178 844/1594/1173
f 856/1608/1187 865/1613/1192 393/1206/997
f 1130/1892/963 863/1604/1183 854/1599/1178
f 393/1206/997 865/1613/1192 873/1618/1197
f 1132/1893/964 872/1609/1188 863/1604/1183
f 397/1212/1003 396/1309/1099 873/1618/1197
f 1134/1894/965 878/1614/1193 872/1609/1188
f 890/1629/1208 400/1185/976 397/1212/1003
f 118/1492/965 323/1948/1426 1173/1895/1426
f 402/1219/1010 400/1185/976 890/1629/1208
f 1138/1088/966 898/1625/1204 888/1620/1199
f 909/1639/1218 405/1191/982 402/1219/1010
f 1139/1897/968 908/1630/1209 898/1625/1204
f 909/1639/1218 919/1644/1223 403/1226/1017
f 1140/1092/969 918/1635/1214 908/1630/1209
f 930/1649/1228 455/1197/988 403/1226/1017
f 1142/1442/907 928/1640/1219 918/1635/1214
f 457/1233/1024 455/1197/988 930/1649/1228
f 1144/1899/906 938/1645/1224 928/1640/1219
f 947/1663/1238 453/1203/994 457/1900/1024
f 1146/1901/909 946/1650/1229 938/1652/1224
f 947/1663/1238 958/1668/1243 428/1241/1031
f 1147/1451/908 956/1659/1234 946/1650/1229
f 964/1673/1248 430/1209/1000 428/1241/1031
f 1149/1460/911 963/1664/1239 956/1659/1234
f 432/1248/1038 430/1209/1000 964/1673/1248
f 1151/1108/910 968/1669/1244 963/1664/1239
f 975/1684/1259 424/1214/1005 432/1248/1038
f 1154/1462/913 973/1674/1249 968/1669/1244
f 426/1255/1045 424/1214/1005 975/1684/1259
f 1070/1902/912 325/1679/1254 973/1674/1249
f 993/1694/1269 422/1221/1012 426/1255/1045
f 1157/1903/915 992/1685/1260 982/1680/1255
f 433/1228/1019 422/1221/1012 993/1694/1269
f 1159/1905/914 1001/1690/1265 992/1685/1260
f 1014/1704/1279 415/1229/1020 433/1228/1019
f 1161/1906/917 1012/1695/1270 1001/1690/1265
f 418/1236/1026 415/1229/1020 1014/1704/1279
f 1163/1907/916 1021/1700/1275 1012/1695/1270
f 1033/1714/1289 420/1237/1027 418/1236/1026
f 1165/1908/919 1031/1705/1280 1021/1700/1275
f 1033/1714/1289 1044/1719/1294 413/1243/1033
f 1167/1909/918 1042/1710/1285 1031/1705/1280
f 1050/1724/1299 411/1244/1034 413/1243/1033
f 1169/1910/921 1049/1715/1290 1042/1710/1285
f 1050/1724/1299 1055/1729/1304 409/1250/1040
f 1172/1911/920 1054/1720/1295 1049/1715/1290
f 1060/1730/1305 449/1251/1041 409/1250/1040
f 1071/1852/922 1059/1725/1300 1054/1720/1295
f 248/1069/958 1122/1068/958 1121/1912/955
f 1070/1902/912 1155/1904/971 982/1680/1255
f 1173/1895/1426 323/1948/1426 122/1495/967
f 1173/1913/1426 1175/1949/1103 1134/1914/965
f 316/1018/924 1072/1017/924 1071/1915/922
f 1175/1506/1103 1173/1895/1426 229/1086/967
f 1134/1894/965 1175/1506/1103 322/1505/1103
f 322/1505/1103 328/1619/1198 878/1614/1193
f 1547/490/487 983/489/486 979/448/445
